日期,股票代码,名称,收盘价,最高价,最低价,开盘价,前收盘,涨跌额,涨跌幅,成交量,成交金额,first_w_list,second_d_list,t_d_list,Stopflag,Stopprice,Openrecord,Closerecord,Porfitrecord
2016-6-8,'399300,沪深300,3163.986,3174.971,3148.351,3171.813,3177.053,-13.067,-0.4113,7629177500,97682790861.0,1,2,0,0,0.0,0.0,0.0,2772.03
2016-6-7,'399300,沪深300,3177.053,3186.616,3168.179,3182.437,3178.788,-1.735,-0.0546,6892831400,88711618425.0,1,2,0,0,0.0,0.0,0.0,2772.03
2016-6-6,'399300,沪深300,3178.788,3197.22,3168.554,3192.779,3189.325,-10.537,-0.3304,7669375100,1.01e+11,1,0,0,0,0.0,0.0,0.0,2772.03
2016-6-3,'399300,沪深300,3189.325,3201.749,3162.088,3172.946,3167.099,22.226,0.7018,10149178300,1.36e+11,1,0,0,0,0.0,0.0,0.0,2772.03
2016-6-2,'399300,沪深300,3167.099,3168.824,3151.065,3158.025,3160.547,6.552,0.2073,8600342700,97093625345.0,1,0,0,0,0.0,0.0,0.0,2772.03
2016-6-1,'399300,沪深300,3160.547,3181.792,3159.817,3172.961,3169.559,-9.012,-0.2843,11314848200,1.32e+11,1,0,0,0,0.0,0.0,0.0,2772.03
2016-5-31,'399300,沪深300,3169.559,3170.926,3068.596,3068.596,3066.709,102.85,3.3538,13886311100,1.51e+11,1,0,0,0,0.0,0.0,3075.261,2772.03
2016-5-30,'399300,沪深300,3066.709,3075.261,3037.664,3056.313,3062.499,4.21,0.1375,6309857900,63496565009.0,-1,-2,0,-4,3098.478,3076.503,0.0,2770.788
2016-5-27,'399300,沪深300,3062.499,3073.756,3052.179,3059.732,3064.211,-1.712,-0.0559,6046875000,59371777079.0,-1,0,0,-4,3098.478,3076.503,0.0,2770.788
2016-5-26,'399300,沪深300,3064.211,3072.524,3027.444,3056.6,3059.225,4.986,0.163,6039298100,65985183919.0,-1,-2,0,-4,3098.478,3076.503,0.0,2770.788
2016-5-25,'399300,沪深300,3059.225,3089.102,3054.869,3079.748,3063.555,-4.33,-0.1413,5665280300,63316562530.0,-1,0,0,-4,3098.478,3076.503,0.0,2770.788
2016-5-24,'399300,沪深300,3063.555,3083.257,3052.59,3083.244,3087.222,-23.667,-0.7666,5873438500,61106015446.0,-1,0,-3,-4,3098.478,3076.503,0.0,2770.788
2016-5-23,'399300,沪深300,3087.222,3098.478,3076.503,3078.515,3078.218,9.004,0.2925,5969721600,70337514484.0,-1,-2,0,0,0.0,0.0,0.0,2770.788
2016-5-20,'399300,沪深300,3078.218,3078.531,3041.516,3047.777,3062.5,15.718,0.5132,5608084200,65124251092.0,-1,-2,0,0,0.0,0.0,0.0,2770.788
2016-5-19,'399300,沪深300,3062.5,3086.977,3058.145,3060.342,3068.035,-5.535,-0.1804,6044416600,68679060392.0,-1,0,0,0,0.0,0.0,0.0,2770.788
2016-5-18,'399300,沪深300,3068.035,3072.612,3039.461,3071.529,3086.024,-17.989,-0.5829,8271536900,88458847115.0,-1,0,0,0,0.0,0.0,0.0,2770.788
2016-5-17,'399300,沪深300,3086.024,3105.201,3073.459,3095.522,3095.308,-9.284,-0.2999,6527812500,75389385458.0,-1,0,0,0,0.0,0.0,0.0,2770.788
2016-5-16,'399300,沪深300,3095.308,3095.555,3053.661,3064.526,3074.935,20.373,0.6626,5946185600,64405200020.0,-1,-2,0,0,0.0,0.0,0.0,2770.788
2016-5-13,'399300,沪深300,3074.935,3103.095,3064.691,3081.679,3090.137,-15.202,-0.492,6262975500,65850995649.0,-1,0,0,0,0.0,0.0,0.0,2770.788
2016-5-12,'399300,沪深300,3090.137,3095.348,3035.022,3059.383,3082.808,7.329,0.2377,7876572600,81418792606.0,-1,-2,0,0,0.0,0.0,0.0,2770.788
2016-5-11,'399300,沪深300,3082.808,3102.876,3063.088,3080.636,3069.112,13.696,0.4463,8179425800,87323408342.0,-1,-2,0,0,0.0,0.0,0.0,2770.788
2016-5-10,'399300,沪深300,3069.112,3084.724,3055.183,3055.211,3065.615,3.497,0.1141,6884993500,70650764147.0,-1,0,0,0,0.0,0.0,0.0,2770.788
2016-5-9,'399300,沪深300,3065.615,3115.43,3055.005,3115.43,3130.354,-64.739,-2.0681,9923047700,1e+11,-1,0,0,0,0.0,0.0,0.0,2770.788
2016-5-6,'399300,沪深300,3130.354,3216.893,3130.147,3213.136,3213.92,-83.566,-2.6001,10868024000,1.19e+11,-1,0,0,0,0.0,0.0,0.0,2770.788
2016-5-5,'399300,沪深300,3213.92,3217.282,3196.566,3204.169,3209.461,4.459,0.1389,7473368100,83946496908.0,1,0,0,0,0.0,0.0,0.0,2770.788
2016-5-4,'399300,沪深300,3209.461,3222.882,3198.292,3203.465,3213.54,-4.079,-0.1269,9086240800,97797134813.0,1,0,0,0,0.0,0.0,0.0,2770.788
2016-5-3,'399300,沪深300,3213.54,3218.485,3151.405,3159.823,3156.745,56.795,1.7992,9816483500,1.16e+11,1,0,0,0,0.0,0.0,0.0,2770.788
2016-4-29,'399300,沪深300,3156.745,3171.289,3149.397,3153.537,3160.581,-3.836,-0.1214,5802977600,70807704222.0,-1,0,0,0,0.0,0.0,0.0,2770.788
2016-4-28,'399300,沪深300,3160.581,3174.766,3135.643,3169.333,3165.916,-5.335,-0.1685,6987066000,78876767222.0,-1,0,0,0,0.0,0.0,0.0,2770.788
2016-4-27,'399300,沪深300,3165.916,3188.826,3162.691,3181.931,3179.161,-13.245,-0.4166,6000414700,70620405995.0,-1,0,0,0,0.0,0.0,0.0,2770.788
2016-4-26,'399300,沪深300,3179.161,3181.095,3150.404,3159.771,3162.033,17.128,0.5417,5902073400,68871554173.0,1,0,0,0,0.0,0.0,0.0,2770.788
2016-4-25,'399300,沪深300,3162.033,3172.269,3137.113,3164.738,3174.901,-12.868,-0.4053,6751935100,74734848036.0,-1,0,0,0,0.0,0.0,0.0,2770.788
2016-4-22,'399300,沪深300,3174.901,3175.38,3137.993,3142.561,3160.603,14.298,0.4524,7707849200,82442921903.0,1,2,0,0,0.0,0.0,0.0,2770.788
2016-4-21,'399300,沪深300,3160.603,3198.557,3150.94,3160.796,3181.026,-20.423,-0.642,10475265100,1.1e+11,-1,0,0,0,0.0,0.0,0.0,2770.788
2016-4-20,'399300,沪深300,3181.026,3248.422,3107.369,3244.142,3238.303,-57.277,-1.7687,16220785800,1.72e+11,1,2,0,0,0.0,0.0,3221.577,2770.788
2016-4-19,'399300,沪深300,3238.303,3250.725,3221.577,3243.971,3228.453,9.85,0.3051,8087144000,90976236261.0,1,2,0,4,3163.305,3026.437,0.0,2575.648
2016-4-18,'399300,沪深300,3228.453,3252.671,3221.662,3252.671,3272.205,-43.752,-1.3371,9709006900,1.04e+11,1,2,0,4,3163.305,3026.437,0.0,2575.648
2016-4-15,'399300,沪深300,3272.205,3282.985,3261.73,3279.857,3275.832,-3.627,-0.1107,9980752900,1.08e+11,1,0,0,4,3163.305,3026.437,0.0,2575.648
2016-4-14,'399300,沪深300,3275.832,3286.072,3252.05,3277.098,3261.383,14.449,0.443,11315732700,1.18e+11,1,0,0,4,3163.305,3026.437,0.0,2575.648
2016-4-13,'399300,沪深300,3261.383,3296.523,3237.858,3237.858,3218.45,42.933,1.334,19561386600,2e+11,1,0,0,4,3163.305,3026.437,0.0,2575.648
2016-4-12,'399300,沪深300,3218.45,3232.264,3198.903,3227.367,3230.096,-11.646,-0.3605,9286943700,99086557951.0,1,0,0,4,3163.305,3026.437,0.0,2575.648
2016-4-11,'399300,沪深300,3230.096,3251.572,3213.507,3213.507,3185.726,44.37,1.3928,12521270900,1.43e+11,1,0,3,4,3163.305,3026.437,0.0,2575.648
2016-4-8,'399300,沪深300,3185.726,3197.774,3163.305,3189.846,3209.29,-23.564,-0.7342,10100562500,1.14e+11,1,2,0,4,3122.761,3026.437,0.0,2575.648
2016-4-7,'399300,沪深300,3209.29,3270.82,3208.644,3266.288,3257.528,-48.238,-1.4808,11240946700,1.28e+11,1,2,0,4,3122.761,3026.437,0.0,2575.648
2016-4-6,'399300,沪深300,3257.528,3267.64,3236.196,3250.522,3264.486,-6.958,-0.2131,12019630500,1.37e+11,1,0,0,4,3122.761,3026.437,0.0,2575.648
2016-4-5,'399300,沪深300,3264.486,3271.93,3205.207,3211.305,3221.895,42.591,1.3219,14604777200,1.59e+11,1,0,0,4,3122.761,3026.437,0.0,2575.648
2016-4-1,'399300,沪深300,3221.895,3222.612,3165.856,3213.674,3218.088,3.807,0.1183,11812213900,1.27e+11,1,0,0,4,3122.761,3026.437,0.0,2575.648
2016-3-31,'399300,沪深300,3218.088,3241.927,3208.665,3229.2,3216.275,1.813,0.0564,12155207400,1.47e+11,1,0,0,4,3122.761,3026.437,0.0,2575.648
2016-3-30,'399300,沪深300,3216.275,3216.676,3161.289,3161.289,3135.41,80.865,2.5791,11780251200,1.41e+11,1,0,3,4,3122.761,3026.437,0.0,2575.648
2016-3-29,'399300,沪深300,3135.41,3178.075,3122.761,3171.314,3169.728,-34.318,-1.0827,9729474700,1.14e+11,1,2,0,4,2982.172,3026.437,0.0,2575.648
2016-3-28,'399300,沪深300,3169.728,3229.624,3161.878,3206.953,3197.817,-28.089,-0.8784,10344193300,1.24e+11,1,2,0,4,2982.172,3026.437,0.0,2575.648
2016-3-25,'399300,沪深300,3197.817,3204.442,3174.318,3176.81,3181.851,15.966,0.5018,9739533000,1.15e+11,1,2,0,4,2982.172,3026.437,0.0,2575.648
2016-3-24,'399300,沪深300,3181.851,3221.906,3181.813,3211.496,3236.092,-54.241,-1.6761,13313112200,1.62e+11,1,2,0,4,2982.172,3026.437,0.0,2575.648
2016-3-23,'399300,沪深300,3236.092,3242.247,3202.976,3217.729,3225.79,10.302,0.3194,12567928600,1.56e+11,1,0,0,4,2982.172,3026.437,0.0,2575.648
2016-3-22,'399300,沪深300,3225.79,3249.677,3218.728,3231.615,3249.437,-23.647,-0.7277,16102089700,1.94e+11,1,0,0,4,2982.172,3026.437,0.0,2575.648
2016-3-21,'399300,沪深300,3249.437,3267.775,3198.361,3203.293,3171.963,77.474,2.4425,23326946400,2.57e+11,1,0,0,4,2982.172,3026.437,0.0,2575.648
2016-3-18,'399300,沪深300,3171.963,3197.668,3130.102,3136.223,3124.204,47.759,1.5287,19730256400,2.1e+11,1,0,0,4,2982.172,3026.437,0.0,2575.648
2016-3-17,'399300,沪深300,3124.204,3147.841,3077.572,3096.808,3090.033,34.171,1.1058,12166177700,1.37e+11,1,0,0,4,2982.172,3026.437,0.0,2575.648
2016-3-16,'399300,沪深300,3090.033,3100.352,3064.521,3068.866,3074.78,15.253,0.4961,12473644800,1.26e+11,1,0,0,4,2982.172,3026.437,0.0,2575.648
2016-3-15,'399300,沪深300,3074.78,3077.085,3028.578,3061.343,3065.69,9.09,0.2965,9831194100,1.01e+11,1,0,0,4,2982.172,3026.437,0.0,2575.648
2016-3-14,'399300,沪深300,3065.69,3106.8,3034.0,3039.569,3018.284,47.406,1.5706,11710865500,1.24e+11,1,0,3,4,2982.172,3026.437,3026.437,2575.648
2016-3-11,'399300,沪深300,3018.284,3026.437,2982.172,2990.214,3013.146,5.138,0.1705,7333356400,74367296548.0,1,2,0,-4,3149.332,3468.467,0.0,2133.618
2016-3-10,'399300,沪深300,3013.146,3074.16,3012.691,3056.21,3071.907,-58.761,-1.9129,7607219700,78180468559.0,1,2,0,-4,3149.332,3468.467,0.0,2133.618
2016-3-9,'399300,沪深300,3071.907,3072.916,3020.134,3045.924,3107.673,-35.766,-1.1509,11146624500,1.06e+11,1,2,0,-4,3149.332,3468.467,0.0,2133.618
2016-3-8,'399300,沪深300,3107.673,3109.25,3001.829,3100.149,3104.84,2.833,0.0912,13623574200,1.29e+11,1,0,0,-4,3149.332,3468.467,0.0,2133.618
2016-3-7,'399300,沪深300,3104.84,3130.903,3083.584,3108.999,3093.89,10.95,0.3539,13246203700,1.28e+11,1,0,0,-4,3149.332,3468.467,0.0,2133.618
2016-3-4,'399300,沪深300,3093.89,3101.656,3032.424,3047.537,3058.422,35.468,1.1597,21917253400,2.06e+11,1,0,0,-4,3149.332,3468.467,0.0,2133.618
2016-3-3,'399300,沪深300,3058.422,3078.444,3040.246,3050.389,3051.333,7.089,0.2323,17310574400,1.66e+11,1,0,0,-4,3149.332,3468.467,0.0,2133.618
2016-3-2,'399300,沪深300,3051.333,3054.724,2933.116,2933.921,2930.694,120.639,4.1164,17597234700,1.64e+11,1,0,0,-4,3149.332,3468.467,0.0,2133.618
2016-3-1,'399300,沪深300,2930.694,2950.436,2863.323,2881.335,2877.467,53.227,1.8498,11604591800,1.1e+11,1,0,0,-4,3149.332,3468.467,0.0,2133.618
2016-2-29,'399300,沪深300,2877.467,2939.875,2821.215,2939.58,2948.031,-70.564,-2.3936,12934102000,1.18e+11,1,2,0,-4,3149.332,3468.467,0.0,2133.618
2016-2-26,'399300,沪深300,2948.031,2964.385,2902.948,2942.095,2918.75,29.281,1.0032,10694972900,1.03e+11,1,2,0,-4,3149.332,3468.467,0.0,2133.618
2016-2-25,'399300,沪深300,2918.75,3104.436,2905.457,3104.41,3109.545,-190.795,-6.1358,15782975200,1.53e+11,-1,0,0,-4,3149.332,3468.467,0.0,2133.618
2016-2-24,'399300,沪深300,3109.545,3109.545,3055.251,3077.606,3089.363,20.182,0.6533,11178265000,1.13e+11,1,0,0,-4,3149.332,3468.467,0.0,2133.618
2016-2-23,'399300,沪深300,3089.363,3119.221,3061.429,3117.203,3118.868,-29.505,-0.946,11256739100,1.17e+11,1,2,0,-4,3149.332,3468.467,0.0,2133.618
2016-2-22,'399300,沪深300,3118.868,3128.207,3071.329,3083.933,3051.585,67.283,2.2049,14094696800,1.42e+11,1,0,0,-4,3149.332,3468.467,0.0,2133.618
2016-2-19,'399300,沪深300,3051.585,3065.968,3032.634,3047.942,3053.699,-2.114,-0.0692,8733801200,90849341804.0,1,0,0,-4,3149.332,3468.467,0.0,2133.618
2016-2-18,'399300,沪深300,3053.699,3093.513,3049.841,3079.527,3063.32,-9.621,-0.3141,12440146400,1.23e+11,1,0,0,-4,3149.332,3468.467,0.0,2133.618
2016-2-17,'399300,沪深300,3063.32,3065.785,3027.046,3034.09,3037.035,26.285,0.8655,12829160700,1.22e+11,1,0,0,-4,3149.332,3468.467,0.0,2133.618
2016-2-16,'399300,沪深300,3037.035,3042.089,2962.187,2962.187,2946.707,90.328,3.0654,11257964300,1.12e+11,1,0,0,-4,3149.332,3468.467,0.0,2133.618
2016-2-15,'399300,沪深300,2946.707,2961.493,2886.018,2888.428,2963.789,-17.082,-0.5764,7291943400,71285049141.0,-1,0,0,-4,3149.332,3468.467,0.0,2133.618
2016-2-5,'399300,沪深300,2963.789,2988.36,2962.847,2982.056,2984.76,-20.971,-0.7026,7685080800,77443222334.0,-1,0,0,-4,3149.332,3468.467,0.0,2133.618
2016-2-4,'399300,沪深300,2984.76,2999.206,2960.207,2960.334,2948.639,36.121,1.225,9177972400,91550346872.0,-1,-2,0,-4,3149.332,3468.467,0.0,2133.618
2016-2-3,'399300,沪深300,2948.639,2954.71,2909.898,2931.288,2961.334,-12.695,-0.4287,7738900000,74817092259.0,-1,-2,0,-4,3149.332,3468.467,0.0,2133.618
2016-2-2,'399300,沪深300,2961.334,2972.426,2901.512,2901.528,2901.048,60.286,2.0781,8860196300,88740230428.0,-1,-2,0,-4,3149.332,3468.467,0.0,2133.618
2016-2-1,'399300,沪深300,2901.048,2944.517,2869.561,2939.04,2946.09,-45.042,-1.5289,8679534200,82931453498.0,-1,0,0,-4,3149.332,3468.467,0.0,2133.618
2016-1-29,'399300,沪深300,2946.09,2965.309,2854.371,2855.598,2853.756,92.334,3.2355,11330425900,1.09e+11,-1,-2,0,-4,3149.332,3468.467,0.0,2133.618
2016-1-28,'399300,沪深300,2853.756,2941.887,2841.844,2909.334,2930.352,-76.596,-2.6139,9922275600,95663874927.0,-1,0,0,-4,3149.332,3468.467,0.0,2133.618
2016-1-27,'399300,沪深300,2930.352,2963.544,2839.29,2953.183,2940.509,-10.157,-0.3454,13222936600,1.27e+11,-1,0,0,-4,3149.332,3468.467,0.0,2133.618
2016-1-26,'399300,沪深300,2940.509,3106.53,2934.647,3099.596,3128.886,-188.377,-6.0206,12693392100,1.27e+11,-1,0,-3,-4,3149.332,3468.467,0.0,2133.618
2016-1-25,'399300,沪深300,3128.886,3149.332,3105.1,3129.028,3113.463,15.423,0.4954,8154006100,85777891364.0,-1,-2,0,-4,3418.851,3468.467,0.0,2133.618
2016-1-22,'399300,沪深300,3113.463,3132.171,3053.958,3114.895,3081.345,32.118,1.0423,8995108700,96885673842.0,-1,0,0,-4,3418.851,3468.467,0.0,2133.618
2016-1-21,'399300,沪深300,3081.345,3202.538,3081.345,3136.384,3174.378,-93.033,-2.9307,11118973300,1.22e+11,-1,0,0,-4,3418.851,3468.467,0.0,2133.618
2016-1-20,'399300,沪深300,3174.378,3225.95,3154.426,3204.218,3223.125,-48.747,-1.5124,13065050400,1.43e+11,-1,0,0,-4,3418.851,3468.467,0.0,2133.618
2016-1-19,'399300,沪深300,3223.125,3227.908,3119.216,3132.705,3130.729,92.396,2.9513,12765389300,1.43e+11,-1,-2,0,-4,3418.851,3468.467,0.0,2133.618
2016-1-18,'399300,沪深300,3130.729,3165.616,3066.727,3068.235,3118.73,11.999,0.3847,10112838600,1.09e+11,-1,0,0,-4,3418.851,3468.467,0.0,2133.618
2016-1-15,'399300,沪深300,3118.73,3216.798,3101.052,3200.888,3221.571,-102.841,-3.1923,12460177900,1.32e+11,-1,0,0,-4,3418.851,3468.467,0.0,2133.618
2016-1-14,'399300,沪深300,3221.571,3226.658,3072.039,3076.645,3155.879,65.692,2.0816,13453767100,1.45e+11,-1,-2,0,-4,3418.851,3468.467,0.0,2133.618
2016-1-13,'399300,沪深300,3155.879,3257.295,3155.879,3240.484,3215.71,-59.831,-1.8606,12066649400,1.31e+11,-1,0,0,-4,3418.851,3468.467,0.0,2133.618
2016-1-12,'399300,沪深300,3215.71,3242.253,3174.55,3214.823,3192.45,23.26,0.7286,12822579600,1.42e+11,-1,0,0,-4,3418.851,3468.467,0.0,2133.618
2016-1-11,'399300,沪深300,3192.45,3342.481,3192.45,3303.125,3361.563,-169.113,-5.0308,17463838700,1.84e+11,-1,0,-3,-4,3418.851,3468.467,0.0,2133.618
2016-1-8,'399300,沪深300,3361.563,3418.851,3237.931,3371.871,3294.384,67.179,2.0392,18595945100,2.03e+11,-1,-2,0,-4,3543.739,3468.467,0.0,2133.618
2016-1-7,'399300,沪深300,3294.384,3481.15,3284.737,3481.15,3539.808,-245.424,-6.9333,4410264100,47130795628.0,-1,0,-3,-4,3543.739,3468.467,0.0,2133.618
2016-1-6,'399300,沪深300,3539.808,3543.739,3468.467,3482.406,3478.78,61.028,1.7543,14596614400,1.61e+11,-1,-2,0,0,0.0,0.0,0.0,2133.618
2016-1-5,'399300,沪深300,3478.78,3518.217,3377.28,3382.177,3469.066,9.714,0.28,16211698400,1.96e+11,-1,0,0,0,0.0,0.0,0.0,2133.618
2016-1-4,'399300,沪深300,3469.066,3726.245,3468.949,3725.856,3731.005,-261.939,-7.0206,11537067400,1.46e+11,-1,0,0,0,0.0,0.0,3727.325,2133.618
2015-12-31,'399300,沪深300,3731.005,3772.617,3727.325,3760.904,3765.175,-34.17,-0.9075,10187355600,1.45e+11,-1,0,0,4,3677.45,3713.09,0.0,2119.383
2015-12-30,'399300,沪深300,3765.175,3765.657,3726.278,3762.914,3761.875,3.3,0.0877,10562995500,1.56e+11,-1,0,0,4,3677.45,3713.09,0.0,2119.383
2015-12-29,'399300,沪深300,3761.875,3762.052,3710.48,3723.05,3727.632,34.243,0.9186,10188555500,1.4e+11,-1,0,0,4,3677.45,3713.09,0.0,2119.383
2015-12-28,'399300,沪深300,3727.632,3853.389,3727.632,3847.532,3838.201,-110.569,-2.8808,15398844000,2.1e+11,-1,0,0,4,3677.45,3713.09,0.0,2119.383
2015-12-25,'399300,沪深300,3838.201,3848.025,3813.204,3832.085,3829.402,8.799,0.2298,11962401300,1.63e+11,1,2,0,4,3677.45,3713.09,0.0,2119.383
2015-12-24,'399300,沪深300,3829.402,3867.679,3787.084,3858.135,3866.381,-36.979,-0.9564,14718139700,2.04e+11,1,2,0,4,3677.45,3713.09,0.0,2119.383
2015-12-23,'399300,沪深300,3866.381,3926.686,3862.965,3877.872,3876.733,-10.352,-0.267,20701714700,2.95e+11,1,0,0,4,3677.45,3713.09,0.0,2119.383
2015-12-22,'399300,沪深300,3876.733,3880.468,3841.593,3872.098,3865.965,10.768,0.2785,18030366100,2.44e+11,1,0,0,4,3677.45,3713.09,0.0,2119.383
2015-12-21,'399300,沪深300,3865.965,3877.82,3759.989,3762.097,3767.913,98.052,2.6023,21743527500,2.9e+11,1,0,0,4,3677.45,3713.09,0.0,2119.383
2015-12-18,'399300,沪深300,3767.913,3810.218,3750.925,3754.96,3755.888,12.025,0.3202,17346598000,2.32e+11,1,0,0,4,3677.45,3713.09,0.0,2119.383
2015-12-17,'399300,沪深300,3755.888,3768.844,3709.851,3712.783,3685.44,70.448,1.9115,17792407500,2.43e+11,1,0,3,4,3677.45,3713.09,0.0,2119.383
2015-12-16,'399300,沪深300,3685.44,3713.09,3677.45,3703.95,3694.389,-8.949,-0.2422,11134272300,1.6e+11,1,2,0,0,0.0,0.0,0.0,2119.383
2015-12-15,'399300,沪深300,3694.389,3717.357,3679.23,3707.73,3711.322,-16.933,-0.4563,12648171000,1.87e+11,1,0,0,0,0.0,0.0,0.0,2119.383
2015-12-14,'399300,沪深300,3711.322,3712.503,3570.998,3573.884,3608.059,103.263,2.862,15176911900,2.03e+11,1,0,0,0,0.0,0.0,0.0,2119.383
2015-12-11,'399300,沪深300,3608.059,3630.744,3578.146,3605.372,3623.084,-15.025,-0.4147,11032248100,1.45e+11,-1,0,0,0,0.0,0.0,0.0,2119.383
2015-12-10,'399300,沪深300,3623.084,3678.318,3615.991,3634.366,3635.938,-12.854,-0.3535,12021562500,1.69e+11,-1,0,0,0,0.0,0.0,0.0,2119.383
2015-12-9,'399300,沪深300,3635.938,3655.159,3611.49,3613.42,3623.02,12.918,0.3566,11332542200,1.54e+11,-1,0,0,0,0.0,0.0,0.0,2119.383
2015-12-8,'399300,沪深300,3623.02,3668.839,3619.445,3668.839,3687.607,-64.587,-1.7515,12578108300,1.63e+11,-1,0,0,0,0.0,0.0,0.0,2119.383
2015-12-7,'399300,沪深300,3687.607,3699.337,3658.578,3681.582,3677.592,10.015,0.2723,11388315000,1.61e+11,1,2,0,0,0.0,0.0,0.0,2119.383
2015-12-4,'399300,沪深300,3677.592,3726.124,3667.291,3719.734,3749.299,-71.707,-1.9125,15119952200,1.96e+11,1,2,0,0,0.0,0.0,0.0,2119.383
2015-12-3,'399300,沪深300,3749.299,3758.446,3693.137,3709.547,3721.955,27.344,0.7347,19776212600,2.37e+11,1,0,0,0,0.0,0.0,0.0,2119.383
2015-12-2,'399300,沪深300,3721.955,3725.854,3573.403,3587.758,3591.696,130.259,3.6267,21353886500,2.61e+11,1,0,0,0,0.0,0.0,0.0,2119.383
2015-12-1,'399300,沪深300,3591.696,3617.305,3536.116,3562.319,3566.412,25.284,0.7089,13653655400,1.77e+11,-1,0,0,0,0.0,0.0,0.0,2119.383
2015-11-30,'399300,沪深300,3566.412,3587.97,3455.068,3554.89,3556.992,9.42,0.2648,17320116300,2.2e+11,-1,0,0,0,0.0,0.0,0.0,2119.383
2015-11-27,'399300,沪深300,3556.992,3742.742,3534.39,3739.096,3759.429,-202.437,-5.3848,20893935800,2.7e+11,-1,0,0,0,0.0,0.0,3756.823,2119.383
2015-11-26,'399300,沪深300,3759.429,3805.844,3756.823,3795.245,3781.607,-22.178,-0.5865,17352546800,2.4e+11,1,2,0,4,3702.737,3754.169,0.0,2116.729
2015-11-25,'399300,沪深300,3781.607,3781.857,3735.716,3747.759,3753.889,27.718,0.7384,15194494100,2.15e+11,1,0,3,4,3702.737,3754.169,0.0,2116.729
2015-11-24,'399300,沪深300,3753.889,3754.169,3702.737,3745.761,3753.335,0.554,0.0148,14338328300,1.92e+11,1,2,0,0,0.0,0.0,3743.405,2116.729
2015-11-23,'399300,沪深300,3753.335,3802.851,3743.405,3774.436,3774.383,-21.048,-0.5577,17562681200,2.35e+11,1,2,0,4,3706.31,3223.908,0.0,1597.232
2015-11-20,'399300,沪深300,3774.383,3793.545,3757.026,3778.884,3774.969,-0.586,-0.0155,18695168900,2.42e+11,1,0,0,4,3706.31,3223.908,0.0,1597.232
2015-11-19,'399300,沪深300,3774.969,3775.232,3714.675,3725.622,3715.58,59.389,1.5984,15463198900,2.05e+11,1,0,3,4,3706.31,3223.908,0.0,1597.232
2015-11-18,'399300,沪深300,3715.58,3771.847,3706.31,3760.456,3758.387,-42.807,-1.139,18568949500,2.54e+11,1,2,0,4,3452.62,3223.908,0.0,1597.232
2015-11-17,'399300,沪深300,3758.387,3852.774,3750.157,3790.426,3764.126,-5.739,-0.1525,24853307100,3.65e+11,1,2,0,4,3452.62,3223.908,0.0,1597.232
2015-11-16,'399300,沪深300,3764.126,3764.409,3680.073,3682.735,3746.242,17.884,0.4774,16169090100,2.27e+11,1,2,0,4,3452.62,3223.908,0.0,1597.232
2015-11-13,'399300,沪深300,3746.242,3793.713,3727.585,3756.204,3795.324,-49.082,-1.2932,20348989100,2.82e+11,1,2,0,4,3452.62,3223.908,0.0,1597.232
2015-11-12,'399300,沪深300,3795.324,3843.9,3771.274,3841.738,3833.646,-38.322,-0.9996,21753764700,3.02e+11,1,2,0,4,3452.62,3223.908,0.0,1597.232
2015-11-11,'399300,沪深300,3833.646,3843.112,3781.41,3828.448,3833.238,0.408,0.0106,23223429600,3.07e+11,1,0,0,4,3452.62,3223.908,0.0,1597.232
2015-11-10,'399300,沪深300,3833.238,3876.49,3798.821,3806.669,3840.355,-7.117,-0.1853,28651960300,3.81e+11,1,0,0,4,3452.62,3223.908,0.0,1597.232
2015-11-9,'399300,沪深300,3840.355,3891.773,3796.379,3796.379,3793.374,46.981,1.2385,35680482300,4.63e+11,1,0,0,4,3452.62,3223.908,0.0,1597.232
2015-11-6,'399300,沪深300,3793.374,3801.705,3694.657,3698.342,3705.97,87.404,2.3585,29875307600,3.9e+11,1,0,0,4,3452.62,3223.908,0.0,1597.232
2015-11-5,'399300,沪深300,3705.97,3781.409,3627.301,3630.782,3628.538,77.432,2.134,39804656800,4.95e+11,1,0,0,4,3452.62,3223.908,0.0,1597.232
2015-11-4,'399300,沪深300,3628.538,3628.538,3477.159,3477.159,3465.493,163.045,4.7048,20542386500,2.67e+11,1,0,3,4,3452.62,3223.908,0.0,1597.232
2015-11-3,'399300,沪深300,3465.493,3501.704,3452.62,3484.722,3475.962,-10.469,-0.3012,10140187600,1.32e+11,1,2,0,4,3403.231,3223.908,0.0,1597.232
2015-11-2,'399300,沪深300,3475.962,3543.45,3474.712,3489.225,3534.079,-58.117,-1.6445,13000256800,1.67e+11,1,2,0,4,3403.231,3223.908,0.0,1597.232
2015-10-30,'399300,沪深300,3534.079,3574.473,3497.568,3530.223,3533.307,0.772,0.0218,13914191400,1.83e+11,1,2,0,4,3403.231,3223.908,0.0,1597.232
2015-10-29,'399300,沪深300,3533.307,3561.814,3507.966,3539.978,3524.92,8.387,0.2379,12701044600,1.61e+11,1,2,0,4,3403.231,3223.908,0.0,1597.232
2015-10-28,'399300,沪深300,3524.92,3598.172,3517.21,3575.805,3592.879,-67.959,-1.8915,17097709800,2.13e+11,1,2,0,4,3403.231,3223.908,0.0,1597.232
2015-10-27,'399300,沪深300,3592.879,3601.053,3486.102,3569.449,3589.261,3.618,0.1008,19205614000,2.39e+11,1,0,0,4,3403.231,3223.908,0.0,1597.232
2015-10-26,'399300,沪深300,3589.261,3620.756,3561.192,3614.702,3571.241,18.02,0.5046,20424886300,2.7e+11,1,0,0,4,3403.231,3223.908,0.0,1597.232
2015-10-23,'399300,沪深300,3571.241,3581.836,3515.822,3536.843,3524.534,46.707,1.3252,19829447800,2.47e+11,1,0,0,4,3403.231,3223.908,0.0,1597.232
2015-10-22,'399300,沪深300,3524.534,3530.766,3442.307,3453.201,3473.254,51.28,1.4764,18430558000,2.24e+11,1,0,0,4,3403.231,3223.908,0.0,1597.232
2015-10-21,'399300,沪深300,3473.254,3601.243,3417.412,3580.838,3577.703,-104.449,-2.9194,28207605000,3.27e+11,1,2,0,4,3403.231,3223.908,0.0,1597.232
2015-10-20,'399300,沪深300,3577.703,3577.798,3510.437,3527.875,3534.182,43.521,1.2314,17902510800,2.27e+11,1,0,0,4,3403.231,3223.908,0.0,1597.232
2015-10-19,'399300,沪深300,3534.182,3572.995,3502.505,3548.953,3534.065,0.117,0.0033,20760674400,2.55e+11,1,0,0,4,3403.231,3223.908,0.0,1597.232
2015-10-16,'399300,沪深300,3534.065,3537.539,3487.104,3508.518,3486.815,47.25,1.3551,20896470900,2.52e+11,1,0,0,4,3403.231,3223.908,0.0,1597.232
2015-10-15,'399300,沪深300,3486.815,3486.815,3402.316,3403.389,3406.112,80.703,2.3694,17115829900,2.02e+11,1,0,3,4,3403.231,3223.908,0.0,1597.232
2015-10-14,'399300,沪深300,3406.112,3458.702,3403.231,3431.135,3445.043,-38.931,-1.1301,15217393800,1.75e+11,1,2,0,4,3186.767,3223.908,0.0,1597.232
2015-10-13,'399300,沪深300,3445.043,3452.045,3413.967,3422.477,3447.693,-2.65,-0.0769,14543378600,1.75e+11,1,0,0,4,3186.767,3223.908,0.0,1597.232
2015-10-12,'399300,沪深300,3447.693,3486.631,3347.251,3351.139,3340.116,107.577,3.2208,22140046800,2.64e+11,1,0,0,4,3186.767,3223.908,0.0,1597.232
2015-10-9,'399300,沪深300,3340.116,3352.379,3293.965,3302.36,3296.482,43.634,1.3237,12435250000,1.45e+11,1,0,0,4,3186.767,3223.908,0.0,1597.232
2015-10-8,'399300,沪深300,3296.482,3337.331,3294.605,3324.981,3202.948,93.534,2.9202,13208176800,1.64e+11,1,0,3,4,3186.767,3223.908,0.0,1597.232
2015-9-30,'399300,沪深300,3202.948,3223.908,3186.767,3195.901,3178.854,24.094,0.7579,7855934900,95881598729.0,1,2,0,0,0.0,0.0,0.0,1597.232
2015-9-29,'399300,沪深300,3178.854,3208.417,3159.042,3197.221,3242.752,-63.898,-1.9705,8715063300,96691510035.0,1,2,0,0,0.0,0.0,0.0,1597.232
2015-9-28,'399300,沪深300,3242.752,3246.554,3186.507,3226.607,3231.951,10.801,0.3342,7421946800,88007466971.0,1,2,0,0,0.0,0.0,0.0,1597.232
2015-9-25,'399300,沪深300,3231.951,3290.858,3201.914,3272.665,3284.999,-53.048,-1.6149,12141927800,1.38e+11,1,2,0,0,0.0,0.0,3255.902,1597.232
2015-9-24,'399300,沪深300,3284.999,3300.857,3255.902,3278.896,3263.028,21.971,0.6733,10201123800,1.21e+11,1,2,0,4,3227.834,3280.877,0.0,1622.207
2015-9-23,'399300,沪深300,3263.028,3315.935,3253.333,3290.071,3339.03,-76.002,-2.2762,12317143900,1.37e+11,1,2,0,4,3227.834,3280.877,0.0,1622.207
2015-9-22,'399300,沪深300,3339.03,3371.414,3303.184,3312.366,3308.247,30.783,0.9305,14622198500,1.72e+11,1,0,0,4,3227.834,3280.877,0.0,1622.207
2015-9-21,'399300,沪深300,3308.247,3312.55,3211.934,3222.603,3251.273,56.974,1.7524,12278866800,1.45e+11,1,0,3,4,3227.834,3280.877,3280.877,1622.207
2015-9-18,'399300,沪深300,3251.273,3280.877,3227.834,3254.443,3236.999,14.274,0.441,10690348100,1.22e+11,1,2,0,-4,4883.732,4949.293,0.0,-46.209
2015-9-17,'399300,沪深300,3236.999,3354.905,3236.999,3287.657,3309.248,-72.249,-2.1832,16940188100,1.9e+11,1,2,0,-4,4883.732,4949.293,0.0,-46.209
2015-9-16,'399300,沪深300,3309.248,3345.918,3131.37,3149.158,3152.232,157.016,4.9811,15970999400,1.68e+11,1,0,0,-4,4883.732,4949.293,0.0,-46.209
2015-9-15,'399300,沪深300,3152.232,3240.079,3131.98,3208.744,3281.132,-128.9,-3.9285,14355564100,1.46e+11,-1,0,0,-4,4883.732,4949.293,0.0,-46.209
2015-9-14,'399300,沪深300,3281.132,3373.921,3187.566,3367.642,3347.188,-66.056,-1.9735,20545725100,2.26e+11,1,2,0,-4,4883.732,4949.293,0.0,-46.209
2015-9-11,'399300,沪深300,3347.188,3383.134,3315.478,3349.877,3357.561,-10.373,-0.3089,10854750800,1.3e+11,1,2,0,-4,4883.732,4949.293,0.0,-46.209
2015-9-10,'399300,沪深300,3357.561,3398.316,3337.311,3349.281,3399.305,-41.744,-1.228,14488297100,1.68e+11,1,2,0,-4,4883.732,4949.293,0.0,-46.209
2015-9-9,'399300,沪深300,3399.305,3426.651,3330.29,3344.824,3334.023,65.282,1.9581,22046742100,2.59e+11,1,0,0,-4,4883.732,4949.293,0.0,-46.209
2015-9-8,'399300,沪深300,3334.023,3340.219,3170.807,3221.789,3250.485,83.538,2.57,15459963100,1.68e+11,1,0,0,-4,4883.732,4949.293,0.0,-46.209
2015-9-7,'399300,沪深300,3250.485,3422.225,3240.243,3347.293,3365.832,-115.347,-3.427,20422443100,2.22e+11,-1,0,0,-4,4883.732,4949.293,0.0,-46.209
2015-9-2,'399300,沪深300,3365.832,3387.02,3213.637,3220.851,3362.083,3.749,0.1115,34778941200,3.49e+11,-1,-2,0,-4,4883.732,4949.293,0.0,-46.209
2015-9-1,'399300,沪深300,3362.083,3370.504,3190.578,3296.529,3366.536,-4.453,-0.1323,35245852800,3.51e+11,-1,-2,0,-4,4883.732,4949.293,0.0,-46.209
2015-8-31,'399300,沪深300,3366.536,3368.279,3205.537,3307.396,3342.286,24.25,0.7256,28025040300,3.07e+11,-1,-2,0,-4,4883.732,4949.293,0.0,-46.209
2015-8-28,'399300,沪深300,3342.286,3353.244,3223.622,3246.236,3205.638,136.648,4.2627,29949842600,3.19e+11,-1,-2,0,-4,4883.732,4949.293,0.0,-46.209
2015-8-27,'399300,沪深300,3205.638,3206.724,3028.398,3092.812,3025.692,179.946,5.9473,26729493000,2.79e+11,-1,-2,0,-4,4883.732,4949.293,0.0,-46.209
2015-8-26,'399300,沪深300,3025.692,3192.932,2952.008,3062.566,3042.927,-17.235,-0.5664,30827062300,3.12e+11,-1,0,0,-4,4883.732,4949.293,0.0,-46.209
2015-8-25,'399300,沪深300,3042.927,3200.108,3019.556,3070.007,3275.534,-232.607,-7.1013,27608130600,2.81e+11,-1,0,0,-4,4883.732,4949.293,0.0,-46.209
2015-8-24,'399300,沪深300,3275.534,3468.149,3266.55,3454.598,3589.536,-314.002,-8.7477,25543665200,2.73e+11,-1,0,0,-4,4883.732,4949.293,0.0,-46.209
2015-8-21,'399300,沪深300,3589.536,3757.779,3578.175,3714.289,3761.454,-171.918,-4.5705,21798640300,2.67e+11,-1,0,0,-4,4883.732,4949.293,0.0,-46.209
2015-8-20,'399300,沪深300,3761.454,3880.824,3761.454,3848.403,3886.136,-124.682,-3.2084,21216796500,2.71e+11,-1,0,0,-4,4883.732,4949.293,0.0,-46.209
2015-8-19,'399300,沪深300,3886.136,3898.74,3668.192,3748.266,3825.412,60.724,1.5874,26904983900,3.41e+11,1,2,0,-4,4883.732,4949.293,0.0,-46.209
2015-8-18,'399300,沪深300,3825.412,4103.054,3816.554,4084.311,4077.872,-252.46,-6.191,31988107000,4.25e+11,-1,0,0,-4,4883.732,4949.293,0.0,-46.209
2015-8-17,'399300,沪深300,4077.872,4081.772,4009.99,4058.113,4073.54,4.332,0.1063,25693963800,3.37e+11,1,0,0,-4,4883.732,4949.293,0.0,-46.209
2015-8-14,'399300,沪深300,4073.54,4113.159,4056.727,4097.918,4075.463,-1.923,-0.0472,25339299600,3.4e+11,1,0,0,-4,4883.732,4949.293,0.0,-46.209
2015-8-13,'399300,沪深300,4075.463,4075.7,3967.821,4010.013,4016.126,59.337,1.4775,24283697900,3.2e+11,1,0,0,-4,4883.732,4949.293,0.0,-46.209
2015-8-12,'399300,沪深300,4016.126,4078.03,4015.355,4025.674,4066.669,-50.543,-1.2429,25514619600,3.4e+11,1,2,0,-4,4883.732,4949.293,0.0,-46.209
2015-8-11,'399300,沪深300,4066.669,4110.133,4042.004,4083.589,4084.365,-17.696,-0.4333,32203419100,4.17e+11,1,0,0,-4,4883.732,4949.293,0.0,-46.209
2015-8-10,'399300,沪深300,4084.365,4101.731,3932.842,3947.472,3906.945,177.42,4.5411,30678054000,4.02e+11,1,0,0,-4,4883.732,4949.293,0.0,-46.209
2015-8-7,'399300,沪深300,3906.945,3926.649,3857.908,3866.43,3831.852,75.093,1.9597,18334915300,2.47e+11,-1,-2,0,-4,4883.732,4949.293,0.0,-46.209
2015-8-6,'399300,沪深300,3831.852,3888.693,3793.237,3802.928,3866.9,-35.048,-0.9064,14727869400,1.96e+11,-1,0,0,-4,4883.732,4949.293,0.0,-46.209
2015-8-5,'399300,沪深300,3866.9,3962.277,3858.66,3937.623,3948.155,-81.255,-2.058,20048426900,2.73e+11,-1,0,0,-4,4883.732,4949.293,0.0,-46.209
2015-8-4,'399300,沪深300,3948.155,3948.449,3801.028,3827.373,3829.235,118.92,3.1056,22023655600,2.89e+11,1,0,0,-4,4883.732,4949.293,0.0,-46.209
2015-8-3,'399300,沪深300,3829.235,3829.235,3742.578,3766.072,3816.699,12.536,0.3285,24580503000,3.1e+11,-1,-2,0,-4,4883.732,4949.293,0.0,-46.209
2015-7-31,'399300,沪深300,3816.699,3863.624,3757.989,3777.155,3815.412,1.287,0.0337,22237676700,2.99e+11,-1,0,0,-4,4883.732,4949.293,0.0,-46.209
2015-7-30,'399300,沪深300,3815.412,3968.534,3802.882,3915.78,3930.379,-114.967,-2.9251,27154866500,3.76e+11,-1,0,0,-4,4883.732,4949.293,0.0,-46.209
2015-7-29,'399300,沪深300,3930.379,3934.003,3769.189,3839.959,3811.093,119.286,3.13,27697284500,3.72e+11,-1,-2,0,-4,4883.732,4949.293,0.0,-46.209
2015-7-28,'399300,沪深300,3811.093,3883.446,3627.421,3690.974,3818.731,-7.638,-0.2,38352721600,4.83e+11,-1,0,0,-4,4883.732,4949.293,0.0,-46.209
2015-7-27,'399300,沪深300,3818.731,4156.313,3817.169,4097.796,4176.279,-357.548,-8.5614,36505451100,4.78e+11,-1,0,0,-4,4883.732,4949.293,0.0,-46.209
2015-7-24,'399300,沪深300,4176.279,4299.65,4154.617,4255.198,4250.805,-74.526,-1.7532,39204537300,5.36e+11,-1,0,0,-4,4883.732,4949.293,0.0,-46.209
2015-7-23,'399300,沪深300,4250.805,4262.062,4148.824,4158.932,4157.16,93.645,2.2526,35447175900,4.84e+11,1,0,0,-4,4883.732,4949.293,0.0,-46.209
2015-7-22,'399300,沪深300,4157.16,4187.431,4094.712,4148.56,4166.006,-8.846,-0.2123,31894599700,4.42e+11,-1,0,0,-4,4883.732,4949.293,0.0,-46.209
2015-7-21,'399300,沪深300,4166.006,4201.482,4081.704,4109.761,4160.612,5.394,0.1296,31837494500,4.32e+11,-1,-2,0,-4,4883.732,4949.293,0.0,-46.209
2015-7-20,'399300,沪深300,4160.612,4221.693,4106.389,4157.06,4151.496,9.116,0.2196,35267347200,4.83e+11,-1,-2,0,-4,4883.732,4949.293,0.0,-46.209
2015-7-17,'399300,沪深300,4151.496,4190.186,4000.231,4023.757,3997.356,154.14,3.856,33110713100,4.36e+11,-1,-2,0,-4,4883.732,4949.293,0.0,-46.209
2015-7-16,'399300,沪深300,3997.356,4067.022,3856.321,3949.639,3966.759,30.597,0.7713,33053134500,4.1e+11,-1,0,0,-4,4883.732,4949.293,0.0,-46.209
2015-7-15,'399300,沪深300,3966.759,4114.243,3899.508,4068.88,4112.149,-145.39,-3.5356,42195636700,5.14e+11,-1,0,0,-4,4883.732,4949.293,0.0,-46.209
2015-7-14,'399300,沪深300,4112.149,4258.513,4062.5,4178.63,4211.812,-99.663,-2.3663,45442200900,5.98e+11,-1,0,0,-4,4883.732,4949.293,0.0,-46.209
2015-7-13,'399300,沪深300,4211.812,4278.161,4072.43,4132.231,4106.556,105.256,2.5631,50209218600,6.59e+11,-1,-2,0,-4,4883.732,4949.293,0.0,-46.209
2015-7-10,'399300,沪深300,4106.556,4179.111,3887.551,3916.272,3897.626,208.93,5.3604,50070180200,6.29e+11,-1,-2,0,-4,4883.732,4949.293,0.0,-46.209
2015-7-9,'399300,沪深300,3897.626,3930.264,3537.826,3621.68,3663.038,234.588,6.4042,50387061000,5.65e+11,-1,-2,0,-4,4883.732,4949.293,0.0,-46.209
2015-7-8,'399300,沪深300,3663.038,3762.622,3612.254,3651.06,3928.003,-264.965,-6.7455,58146709700,6.4e+11,-1,0,0,-4,4883.732,4949.293,0.0,-46.209
2015-7-7,'399300,沪深300,3928.003,3960.636,3743.624,3877.854,3998.537,-70.534,-1.764,67938500700,7.96e+11,-1,0,0,-4,4883.732,4949.293,0.0,-46.209
2015-7-6,'399300,沪深300,3998.537,4218.266,3832.468,4218.266,3885.917,112.62,2.8982,64809453000,7.8e+11,-1,-2,0,-4,4883.732,4949.293,0.0,-46.209
2015-7-3,'399300,沪深300,3885.917,4164.629,3785.902,4017.202,4107.996,-222.079,-5.406,42930085000,5.38e+11,-1,0,0,-4,4883.732,4949.293,0.0,-46.209
2015-7-2,'399300,沪深300,4107.996,4312.19,4000.061,4287.734,4253.021,-145.025,-3.4099,45706219400,5.94e+11,-1,0,0,-4,4883.732,4949.293,0.0,-46.209
2015-7-1,'399300,沪深300,4253.021,4526.127,4235.696,4408.984,4472.998,-219.977,-4.9179,43172141100,6.23e+11,-1,0,0,-4,4883.732,4949.293,0.0,-46.209
2015-6-30,'399300,沪深300,4472.998,4475.767,4016.013,4161.067,4191.549,281.449,6.7147,52704528000,7.16e+11,-1,-2,0,-4,4883.732,4949.293,0.0,-46.209
2015-6-29,'399300,沪深300,4191.549,4451.166,4000.926,4446.842,4336.195,-144.646,-3.3358,52566248200,7.04e+11,-1,0,0,-4,4883.732,4949.293,0.0,-46.209
2015-6-26,'399300,沪深300,4336.195,4650.186,4278.675,4573.872,4706.516,-370.321,-7.8683,44663979000,6.13e+11,-1,0,0,-4,4883.732,4949.293,0.0,-46.209
2015-6-25,'399300,沪深300,4706.516,4919.263,4667.224,4906.242,4880.126,-173.61,-3.5575,44613598200,6.4e+11,-1,0,-3,-4,4883.732,4949.293,0.0,-46.209
2015-6-24,'399300,沪深300,4880.126,4883.732,4744.306,4811.595,4786.091,94.035,1.9648,43463872300,6.15e+11,-1,-2,0,-4,5158.367,4949.293,0.0,-46.209
2015-6-23,'399300,沪深300,4786.091,4786.955,4455.33,4641.425,4637.052,149.039,3.2141,36508794400,5.37e+11,-1,-2,0,-4,5158.367,4949.293,0.0,-46.209
2015-6-19,'399300,沪深300,4637.052,4910.45,4634.691,4847.057,4930.549,-293.497,-5.9526,35810474400,5.2e+11,-1,0,0,-4,5158.367,4949.293,0.0,-46.209
2015-6-18,'399300,沪深300,4930.549,5121.218,4926.429,5107.695,5138.831,-208.282,-4.0531,36439581400,5.56e+11,-1,0,-3,-4,5158.367,4949.293,0.0,-46.209
2015-6-17,'399300,沪深300,5138.831,5158.367,4949.293,5072.306,5064.821,74.01,1.4613,39712418700,5.9e+11,-1,-2,0,0,0.0,0.0,0.0,-46.209
2015-6-16,'399300,沪深300,5064.821,5204.303,5015.265,5165.025,5221.167,-156.346,-2.9945,41167563800,6.52e+11,-1,0,0,0,0.0,0.0,0.0,-46.209
2015-6-15,'399300,沪深300,5221.167,5362.452,5207.308,5354.014,5335.115,-113.948,-2.1358,47574570300,7.66e+11,-1,0,0,0,0.0,0.0,5283.086,-46.209
2015-6-12,'399300,沪深300,5335.115,5351.648,5283.086,5329.278,5306.59,28.525,0.5375,43013138600,6.94e+11,1,0,3,4,5248.163,5329.295,0.0,0.0
2015-6-11,'399300,沪深300,5306.59,5329.295,5248.163,5305.141,5309.112,-2.522,-0.0475,39233875500,6.61e+11,1,2,0,0,0.0,0.0,0.0,0.0
2015-6-10,'399300,沪深300,5309.112,5374.83,5209.68,5254.304,5317.461,-8.349,-0.157,44216567600,7.12e+11,1,2,0,0,0.0,0.0,0.0,0.0
2015-6-9,'399300,沪深300,5317.461,5380.426,5251.208,5379.47,5353.751,-36.29,-0.6778,57042726300,8.71e+11,1,0,0,0,0.0,0.0,0.0,0.0
2015-6-8,'399300,沪深300,5353.751,5370.609,5202.595,5259.408,5230.552,123.199,2.3554,63731323700,9.49e+11,1,0,0,0,0.0,0.0,0.0,0.0
2015-6-5,'399300,沪深300,5230.552,5288.34,5104.178,5254.905,5181.416,49.136,0.9483,54596119600,8.55e+11,0,0,0,0,0.0,0.0,0.0,0.0
2015-6-4,'399300,沪深300,5181.416,5194.233,4863.465,5156.012,5143.59,37.826,0.7354,48276726800,7.35e+11,0,0,0,0,0.0,0.0,0.0,0.0
2015-6-3,'399300,沪深300,5143.59,5186.967,5059.495,5176.597,5161.87,-18.28,-0.3541,41425827000,6.72e+11,0,0,0,0,0.0,0.0,0.0,0.0
2015-6-2,'399300,沪深300,5161.87,5162.556,5047.081,5091.272,5076.179,85.691,1.6881,41297319600,6.58e+11,0,0,0,0,0.0,0.0,0.0,0.0
2015-6-1,'399300,沪深300,5076.179,5079.319,4835.774,4862.756,4840.829,235.35,4.8618,41750374100,6.38e+11,0,0,0,0,0.0,0.0,0.0,0.0
