Date,Date,Open,High,Low,Close,Volume,Adj Close,EMA13,EMA26,EMA12,diff,dea,macd
2015-06-01,2015-06-01,4.818,5.08,4.801,5.07,1754210400,5.07,5.07,5.07,5.07,0.0,0.0,0.0
2015-06-02,2015-06-02,5.07,5.162,5.002,5.156,1512321500,5.156,5.11630769231,5.11465384615,5.11658333333,0.00192948717949,0.00107193732194,0.0017150997151
2015-06-03,2015-06-03,5.156,5.166,5.025,5.113,1430179600,5.113,5.11503149606,5.11405963529,5.11518475751,0.00112512221745,0.00109373441026,6.27756143801e-05
2015-06-04,2015-06-04,5.115,5.18,4.709,5.171,2182733600,5.171,5.13240452489,5.12997767299,5.13280344828,0.00282577528416,0.00168046912364,0.00229061232103
2015-06-05,2015-06-05,5.2,5.25,5.051,5.179,1440508500,5.179,5.14479249253,5.14134615282,5.14535488627,0.00400873345155,0.00237307512314,0.00327131665682
2015-06-08,2015-06-08,5.195,5.35,5.132,5.306,2523308000,5.306,5.18295702393,5.17432500518,5.18440010042,0.0100750952373,0.00446075079811,0.0112286888784
2015-06-09,2015-06-09,5.315,5.323,5.196,5.263,1762319800,5.263,5.20028015644,5.19009539333,5.20193939301,0.0118439996794,0.0063292541228,0.0110294911131
2015-06-10,2015-06-10,5.234,5.347,5.196,5.258,703179000,5.258,5.21191604884,5.20103650803,5.21363837762,0.0126018695932,0.00783668157691,0.00953037603266
2015-06-11,2015-06-11,5.258,5.3,5.206,5.259,734093700,5.259,5.22088124922,5.20962797001,5.22261252108,0.0129845510757,0.00902586496985,0.00791737221175
2015-06-12,2015-06-12,5.281,5.328,5.235,5.298,820533200,5.298,5.23489878337,5.22182245005,5.23689841904,0.01507596899,0.0103814394784,0.0093890590232
2015-06-15,2015-06-15,5.313,5.331,5.158,5.171,877839300,5.171,5.22371916562,5.21523076218,5.22484059728,0.00960983510098,0.0102126168495,-0.00120556349711
2015-06-16,2015-06-16,5.149,5.166,4.98,5.035,912758600,5.035,5.19172814179,5.19308657325,5.1910875623,-0.00199901095147,0.00759007133378,-0.0191781645705
2015-06-17,2015-06-17,5.037,5.138,4.935,5.11,1094024200,5.11,5.17823362429,5.18335299618,5.17700768101,-0.0063453151716,0.00464085939154,-0.0219723491263
2015-06-18,2015-06-18,5.079,5.09,4.894,4.909,872297800,4.909,5.1347470993,5.1525398897,5.13137452994,-0.0211653597605,-0.000757820909499,-0.040815077702
2015-06-19,2015-06-19,4.844,4.889,4.591,4.603,1084007900,4.603,5.0504329994,5.09309313485,5.04286275072,-0.0502303841318,-0.0110131612649,-0.0784344457338
2015-06-23,2015-06-23,4.616,4.784,4.446,4.766,1760686600,4.766,5.00603042399,5.05887650594,4.99710899822,-0.0617675077163,-0.0214580274004,-0.0806189606318
2015-06-24,2015-06-24,4.79,4.877,4.68,4.871,1341641300,4.871,4.98522663857,5.03980539989,4.97650363481,-0.0633017650738,-0.0300195635911,-0.0665644029654
2015-06-25,2015-06-25,4.892,4.915,4.662,4.696,676086200,4.696,4.94116023969,5.00583803252,4.93110465463,-0.0747333778973,-0.0391263802773,-0.0712139952401
2015-06-26,2015-06-26,4.59,4.658,4.229,4.346,989303600,4.346,4.85133551719,4.9422200984,4.83715833166,-0.105061766746,-0.0525062822804,-0.105110968932
2015-06-29,2015-06-29,4.443,4.445,3.96,4.182,1734794000,4.182,4.75112438716,4.87052556487,4.73266584974,-0.137859715132,-0.0697760760166,-0.136167278232
2015-06-30,2015-06-30,4.19,4.485,3.996,4.484,2765317600,4.484,4.71140372711,4.83479619733,4.69322830416,-0.141567893171,-0.0842681048206,-0.1145995767
2015-07-01,2015-07-01,4.414,4.532,4.171,4.197,1386366400,4.197,4.63535742885,4.7769031599,4.61490029666,-0.162002863249,-0.0999306255106,-0.124144475477
2015-07-02,2015-07-02,4.28,4.322,3.96,4.108,2261637400,4.108,4.55778220602,4.71718362877,4.5352065698,-0.181977058969,-0.11643735071,-0.13107941652
2015-07-03,2015-07-03,4.108,4.185,3.785,3.919,3581953600,3.919,4.46421336569,4.64698931946,4.43865349452,-0.208335824943,-0.134904253037,-0.146863143812
2015-07-06,2015-07-06,4.308,4.308,3.83,4.025,4918303600,4.025,4.40010961723,4.59303820833,4.37402211828,-0.21901609004,-0.151790414552,-0.134451350976
2015-07-07,2015-07-07,3.92,3.982,3.769,3.848,3383389200,3.848,4.31977707657,4.52922214913,4.29203038567,-0.237191763465,-0.168922462773,-0.136538601383
2015-07-08,2015-07-08,3.55,3.7,3.463,3.463,1658607400,3.463,4.19544382245,4.43894068092,4.16306953129,-0.275871149621,-0.190364042702,-0.171014213838
2015-07-09,2015-07-09,3.42,3.809,3.41,3.809,1392556500,3.809,4.13949057137,4.38616045601,4.10808583146,-0.278074624543,-0.207940156218,-0.14026893665
2015-07-10,2015-07-10,3.93,4.19,3.862,4.189,1249760100,4.189,4.14664521811,4.36980005672,4.12063292341,-0.249167133302,-0.216198330541,-0.0659376055227
2015-07-13,2015-07-13,4.15,4.316,4.1,4.234,1032250400,4.234,4.15924808611,4.35863082478,4.13819095013,-0.220439874652,-0.21704769082,-0.00678436766345
2015-07-14,2015-07-14,4.165,4.297,4.092,4.154,909731900,4.154,4.15849200301,4.34193687457,4.14063689567,-0.201299978899,-0.213895026188,0.0251900945776
2015-07-15,2015-07-15,4.092,4.139,3.9,3.945,600683500,3.945,4.12777177113,4.30979571487,4.11039470287,-0.199401011999,-0.210993924861,0.0231858257232
2015-07-16,2015-07-16,3.93,4.103,3.89,4.036,633754900,4.036,4.11458003683,4.28777756229,4.09890299659,-0.188874565702,-0.206567247289,0.0353853631747
2015-07-17,2015-07-17,4.07,4.23,4.023,4.2,733647700,4.2,4.12684783822,4.28076315081,4.11450966459,-0.166253486219,-0.1985004047,0.0644938369622
2015-07-20,2015-07-20,4.183,4.254,4.134,4.188,689596100,4.188,4.13562368593,4.27339335343,4.12584862672,-0.147544726705,-0.188305133407,0.0815208134045
2015-07-21,2015-07-21,4.134,4.244,4.105,4.214,471259400,4.214,4.14686402372,4.26869992158,4.13944360831,-0.12925631327,-0.176491535648,0.0944704447561
2015-07-22,2015-07-22,4.2,4.225,4.136,4.194,366573700,4.194,4.15362026007,4.26282598991,4.14785429564,-0.114971694268,-0.16418437225,0.0984253559633
2015-07-23,2015-07-23,4.199,4.32,4.181,4.308,520488900,4.308,4.17573771446,4.26636206653,4.17253529169,-0.0938267748375,-0.15010992962,0.112566309565
2015-07-24,2015-07-24,4.302,4.336,4.192,4.218,420040900,4.218,4.18179000884,4.26259228242,4.17954023578,-0.0830520466348,-0.136696124272,0.107288155275
2015-07-27,2015-07-27,4.136,4.196,3.796,3.8,508691400,3.8,4.12713382504,4.22667277916,4.12107617105,-0.105596608113,-0.130475394164,0.049757572102
2015-07-28,2015-07-28,3.722,3.92,3.666,3.846,761611900,3.846,4.0868994433,4.19721945864,4.07871184186,-0.118507616786,-0.128081584134,0.0191479346975
2015-07-29,2015-07-29,3.881,3.996,3.81,3.989,524545700,3.989,4.07289220189,4.18116210597,4.06489762641,-0.116264479559,-0.125717962145,0.0189069651719
2015-07-30,2015-07-30,3.95,4.011,3.839,3.85,390171500,3.85,4.04100830276,4.15570121737,4.03181133602,-0.123889881349,-0.125352321101,0.00292487950459
2015-07-31,2015-07-31,3.841,3.91,3.805,3.851,350509100,3.851,4.01383346252,4.13234036311,4.00397632763,-0.128364035479,-0.125954696773,-0.00481867741159
2015-08-03,2015-08-03,3.794,3.86,3.765,3.852,219344000,3.852,3.99069191693,4.11090281743,3.98058263908,-0.130320178353,-0.126827831119,-0.00698469446618
2015-08-04,2015-08-04,3.861,4.011,3.839,4.005,282740100,4.005,3.99273763211,4.10282381425,3.98434088459,-0.118482929667,-0.125158792671,0.0133517260087
2015-08-05,2015-08-05,3.987,3.995,3.877,3.916,373591700,3.916,3.98176728396,4.08860306364,3.97382280922,-0.114780254421,-0.123083027157,0.0166055454731
2015-08-06,2015-08-06,3.856,3.93,3.838,3.873,295871400,3.873,3.96621958967,4.07222516299,3.95830649856,-0.113918664437,-0.121250113738,0.0146628986027
2015-08-07,2015-08-07,3.901,3.98,3.9,3.953,685893200,3.953,3.96433008613,4.06318551411,3.95748988664,-0.105695627468,-0.118139160983,0.0248870670287
2015-08-10,2015-08-10,3.98,4.164,3.961,4.148,399159500,4.148,3.99058044291,4.06960493863,3.98680604637,-0.0827988922646,-0.111071006359,0.0565442281889
2015-08-11,2015-08-11,4.135,4.148,4.081,4.099,300425200,4.099,4.00607491992,4.07182620251,4.00407009859,-0.067756103923,-0.102407926957,0.069303646068
2015-08-12,2015-08-12,4.058,4.128,4.048,4.057,388521500,4.057,4.01335233431,4.07070751624,4.0122145351,-0.0584929811412,-0.0936248575659,0.0702637528494
2015-08-13,2015-08-13,4.058,4.117,4.001,4.112,465258700,4.112,4.0274488476,4.07381888006,4.02756833804,-0.0462505420197,-0.0841499252185,0.0757987663977
2015-08-14,2015-08-14,4.127,4.145,4.091,4.102,545842800,4.102,4.03810159648,4.07593960589,4.03902074704,-0.0369188588529,-0.0747036567224,0.0755695957391
2015-08-17,2015-08-17,4.08,4.116,4.045,4.109,345598600,4.109,4.04823204631,4.07842458316,4.04978788702,-0.0286366961329,-0.0654902215151,0.0737070507644
2015-08-18,2015-08-18,4.11,4.135,3.82,3.827,460601200,3.827,4.01662183439,4.05954689958,4.01550986143,-0.044037038148,-0.0611995687884,0.0343250612808
2015-08-19,2015-08-19,3.795,3.935,3.7,3.915,591963500,3.915,4.00210221134,4.04870483866,4.00004567358,-0.0486591650727,-0.0586914805382,0.020064630931
2015-08-20,2015-08-20,3.874,3.913,3.801,3.815,233326400,3.815,3.97536982356,4.03119163105,3.9715753446,-0.05961628645,-0.0588764421634,-0.00147968857312
2015-08-21,2015-08-21,3.8,3.813,3.616,3.625,693138000,3.625,3.92531137317,4.00077898314,3.91825326558,-0.0825257175514,-0.0636063063016,-0.0378388224995
2015-08-24,2015-08-24,3.51,3.514,3.263,3.263,542239600,3.263,3.83068635942,3.9455835864,3.81744059915,-0.128142987242,-0.0765136622703,-0.103258649944
2015-08-25,2015-08-25,3.105,3.23,2.974,2.983,710535800,2.983,3.70957832145,3.87362306928,3.68906030391,-0.18456276537,-0.0981235093837,-0.172878511972
2015-08-26,2015-08-26,3.07,3.221,2.986,3.067,735620600,3.067,3.61777492968,3.81336299305,3.59335567927,-0.220007313783,-0.122500294172,-0.195014039221
2015-08-27,2015-08-27,3.123,3.27,3.066,3.257,708696200,3.257,3.56623253141,3.77182527326,3.54160726108,-0.23021801218,-0.144043854678,-0.172348315005
2015-08-28,2015-08-28,3.277,3.42,3.236,3.402,568256000,3.402,3.54276952281,3.74423049677,3.52012873253,-0.224101764247,-0.160055446642,-0.128092635209
2015-08-31,2015-08-31,3.32,3.402,3.245,3.395,313629100,3.395,3.52165865133,3.71818652066,3.5008777879,-0.217308732754,-0.171506109615,-0.091605246279
2015-09-01,2015-09-01,3.301,3.398,3.218,3.382,227411300,3.382,3.50170665423,3.69312786379,3.48258859971,-0.210539264083,-0.179312743645,-0.0624530408766
2015-09-02,2015-09-02,3.279,3.42,3.231,3.372,244408900,3.372,3.48317652624,3.66920274695,3.46557473461,-0.203628012336,-0.184175798946,-0.038904426781
2015-09-07,2015-09-07,3.37,3.472,3.277,3.289,178587400,3.289,3.45543624494,3.64088850657,3.43840907418,-0.202479432394,-0.187836526577,-0.0292858116339
2015-09-08,2015-09-08,3.25,3.394,3.19,3.378,203250000,3.378,3.44437365845,3.62131860098,3.42911527879,-0.192203322183,-0.188709885877,-0.00698687261028
2015-09-09,2015-09-09,3.398,3.468,3.373,3.442,188386400,3.442,3.4440345574,3.60797470089,3.43109756014,-0.176877140752,-0.186343336463,0.0189323914223
2015-09-10,2015-09-10,3.397,3.448,3.376,3.381,101627900,3.381,3.43502946168,3.59109024454,3.42339018877,-0.167700055772,-0.182614679834,0.029829248123
2015-09-11,2015-09-11,3.389,3.442,3.359,3.388,255079900,3.388,3.4283108655,3.57598729139,3.41794551181,-0.158041779584,-0.177700099266,0.0393166393648
2015-09-14,2015-09-14,3.398,3.407,3.2,3.269,198007100,3.269,3.40555187528,3.55316461534,3.39503070183,-0.158133913508,-0.173786861785,0.0313058965536
2015-09-15,2015-09-15,3.238,3.277,3.162,3.173,216623700,3.173,3.37232980953,3.52490926928,3.36087198618,-0.164037283095,-0.171836945916,0.0155993256405
2015-09-16,2015-09-16,3.183,3.395,3.16,3.345,572357300,3.345,3.36842551382,3.51154103768,3.35843013331,-0.153110904361,-0.168091737403,0.0299616660843
2015-09-17,2015-09-17,3.303,3.381,3.274,3.28,419773100,3.28,3.3557931944,3.49434026559,3.346363922,-0.14797634359,-0.164068658467,0.0321846297541
2015-09-18,2015-09-18,3.3,3.313,3.26,3.279,258148300,3.279,3.34482266126,3.47834644511,3.33600021483,-0.142346230279,-0.159724172679,0.0347558848003
2015-09-21,2015-09-21,3.251,3.36,3.231,3.339,252574400,3.339,3.34399084752,3.46799891309,3.33646172125,-0.131537191831,-0.154086776354,0.0450991690452
2015-09-22,2015-09-22,3.338,3.413,3.329,3.365,211611200,3.365,3.34699217045,3.46035186481,3.34085223382,-0.119499630986,-0.147169347128,0.0553394322826
2015-09-23,2015-09-23,3.3,3.35,3.28,3.287,87301900,3.287,3.33842182261,3.44748372031,3.33256726177,-0.114916458543,-0.140718769297,0.0516046215074
2015-09-25,2015-09-25,3.303,3.314,3.223,3.243,112398700,3.243,3.32479008216,3.43230700293,3.31878766472,-0.11351933821,-0.135278883002,0.0435190895855
2015-09-29,2015-09-29,3.224,3.233,3.18,3.199,73216600,3.199,3.30682001222,3.41499355163,3.30035877251,-0.114634779116,-0.131150062179,0.0330305661243
2015-09-30,2015-09-30,3.212,3.25,3.21,3.221,50208200,3.221,3.29455997644,3.4005994479,3.28814971897,-0.112449728931,-0.127409995495,0.0299205331284
2015-10-08,2015-10-08,3.355,3.362,3.336,3.337,110258900,3.337,3.30062285138,3.39588102915,3.29566515287,-0.100215876277,-0.121971171612,0.0435105906704
2015-10-09,2015-10-09,3.33,3.399,3.33,3.379,97261800,3.379,3.31181960973,3.39462877673,3.30848590732,-0.086142869417,-0.114805511132,0.0573252834294
2015-10-12,2015-10-12,3.38,3.545,3.38,3.52,196904300,3.52,3.34155971747,3.40392795057,3.34102655571,-0.0629013948623,-0.10442468783,0.0830465859348
2015-10-13,2015-10-13,3.483,3.505,3.463,3.495,144310700,3.495,3.36347979068,3.41068237899,3.36471478946,-0.0459675895289,-0.0927332681262,0.0935313571946
2015-10-14,2015-10-14,3.478,3.508,3.455,3.457,113842500,3.457,3.37683983774,3.41411724593,3.37891252002,-0.0352047259158,-0.08122755965,0.0920456674685
2015-10-15,2015-10-15,3.448,3.548,3.44,3.546,126322200,3.546,3.40100560181,3.42389670457,3.40461829514,-0.0192784094301,-0.0688377295767,0.0991186402932
2015-10-16,2015-10-16,3.56,3.598,3.545,3.595,207569900,3.595,3.42871911342,3.43658347401,3.43390779685,-0.00267567715516,-0.0556053190673,0.105859283824
2015-10-19,2015-10-19,3.597,3.624,3.563,3.589,120340700,3.589,3.45161640145,3.44788385612,3.45776814176,0.00988428564235,-0.0425073981055,0.104783367496
2015-10-20,2015-10-20,3.587,3.64,3.564,3.636,79532800,3.636,3.47795693379,3.46183012001,3.48518843344,0.0233583134383,-0.0293342557807,0.105385138438
2015-10-21,2015-10-21,3.64,3.647,3.472,3.527,165859600,3.527,3.48496309027,3.46666128246,3.4916209833,0.024959700835,-0.018475464447,0.0868703305641
2015-10-22,2015-10-22,3.5,3.579,3.498,3.572,97325100,3.572,3.49739694085,3.47446978336,3.50398698774,0.0295172043779,-0.00887693067459,0.0767882701049
2015-10-23,2015-10-23,3.573,3.641,3.568,3.635,119779800,3.635,3.51705452931,3.48636885849,3.52414283836,0.0377739798684,0.000453251439815,0.0746414568572
2015-10-26,2015-10-26,3.666,3.672,3.619,3.641,180318300,3.641,3.53476103175,3.49783010557,3.54212086518,0.0442907596039,0.00922075307699,0.0701400130538
2015-10-27,2015-10-27,3.633,3.659,3.538,3.643,132236100,3.643,3.55022374646,3.5085895926,3.5576407335,0.0490511408986,0.0171868306445,0.0637286205083
2015-10-28,2015-10-28,3.623,3.646,3.568,3.579,174448300,3.579,3.55433464095,3.51380794531,3.56092677475,0.0471188294446,0.0231732304064,0.0478911980764
2015-10-29,2015-10-29,3.582,3.62,3.558,3.584,121324400,3.584,3.55857255038,3.51900991074,3.56447650195,0.045466591211,0.0276319025685,0.035669377285
2015-10-30,2015-10-30,3.577,3.626,3.545,3.585,99564800,3.585,3.56234790109,3.52390028864,3.56763396336,0.0437336747247,0.0308522570004,0.0257628354487
2015-11-02,2015-11-02,3.554,3.594,3.514,3.525,268080300,3.525,3.55701248573,3.52398178304,3.56107489177,0.0370931087261,0.0321004273457,0.00998536276082
2015-11-03,2015-11-03,3.531,3.54,3.48,3.498,221278000,3.498,3.54858212937,3.52205645614,3.55137106188,0.0293146057392,0.0315432630244,-0.00445731457031
2015-11-04,2015-11-04,3.507,3.715,3.507,3.708,271206800,3.708,3.57135611379,3.53583502428,3.5754678224,0.0396327981207,0.0331611700438,0.0129432561538
2015-11-05,2015-11-05,3.696,3.855,3.671,3.767,272744300,3.767,3.59930524344,3.55296407933,3.6049343121,0.0519702327717,0.0369229825897,0.0300945003641
2015-11-06,2015-11-06,3.766,3.867,3.755,3.857,264607600,3.857,3.63611878353,3.57549222861,3.64371364964,0.068221421023,0.0431826702768,0.0500775014925
2015-11-09,2015-11-09,3.85,3.94,3.85,3.897,251780500,3.897,3.67338753172,3.59931444348,3.68268078126,0.0833663377766,0.0512194037772,0.0642938679989
2015-11-10,2015-11-10,3.86,3.923,3.859,3.886,140106400,3.886,3.70376074356,3.620556045,3.7139606616,0.0934046166029,0.0596564463427,0.0674963405204
2015-11-11,2015-11-11,3.885,3.895,3.83,3.881,176515000,3.881,3.72908063883,3.6398529292,3.73965902173,0.0998060925361,0.0676863755816,0.0642394339089
2015-11-12,2015-11-12,3.885,3.89,3.813,3.841,144470200,3.841,3.7450691198,3.65475610136,3.75524994166,0.100493840301,0.0742478685257,0.0524919435504
2015-11-13,2015-11-13,3.816,3.841,3.782,3.804,147450600,3.804,3.75348781734,3.66581353327,3.76274995071,0.0969364174398,0.0787855783086,0.0363016782625
2015-11-16,2015-11-16,3.758,3.83,3.74,3.826,137476000,3.826,3.76384670096,3.67768151135,3.77248072761,0.0947992162625,0.0819883058994,0.0256218207261
2015-11-17,2015-11-17,3.843,3.918,3.8,3.812,148675800,3.812,3.7707257439,3.6876328255,3.77856061572,0.0909277902205,0.0837762027637,0.0143031749137
2015-11-18,2015-11-18,3.814,3.828,3.699,3.779,137045400,3.779,3.77190778052,3.69440189582,3.7786282133,0.0842263174766,0.0838662257063,0.000720183540738
2015-11-19,2015-11-19,3.781,3.838,3.766,3.836,100104800,3.836,3.78106381208,3.70489226789,3.78745464207,0.0825623741756,0.0836054554001,-0.00208616244903
2015-11-20,2015-11-20,3.835,3.849,3.811,3.825,119001800,3.825,3.78734041048,3.71379041211,3.79323085101,0.0794404389008,0.0827724521003,-0.00666402639889
2015-11-23,2015-11-23,3.82,3.862,3.8,3.806,87720200,3.806,3.79000606617,3.7206216584,3.79519533548,0.0745736770738,0.081132697095,-0.0131180400424
2015-11-24,2015-11-24,3.794,3.81,3.75,3.809,125306800,3.809,3.79271948533,3.72716900665,3.79731913003,0.0701501233748,0.0789361823509,-0.0175721179522
2015-11-25,2015-11-25,3.802,3.836,3.787,3.832,148588900,3.832,3.7983309875,3.73493514891,3.8026546485,0.0677194995894,0.0766928457986,-0.0179466924184
2015-11-26,2015-11-26,3.856,3.857,3.802,3.814,126799400,3.814,3.80056941788,3.74079242152,3.80440008719,0.0636076656733,0.0740758097735,-0.0209362882004
2015-11-27,2015-11-27,3.8,3.8,3.586,3.608,185180500,3.608,3.77305950079,3.73095498638,3.7741846891,0.0432297027218,0.0679065883632,-0.0493537712827
2015-11-30,2015-11-30,3.615,3.638,3.51,3.609,203567200,3.609,3.74962242906,3.7219204678,3.74877165997,0.0268511921696,0.0596955091245,-0.0656886339097
2015-12-01,2015-12-01,3.604,3.663,3.58,3.637,279014300,3.637,3.73353351051,3.71562953674,3.73157601995,0.0159464832098,0.0509457039415,-0.0699984414634
2015-12-02,2015-12-02,3.634,3.8,3.618,3.793,186980300,3.793,3.74202872335,3.72136112593,3.74102586305,0.019664737114,0.044689510576,-0.0500495469241
2015-12-03,2015-12-03,3.783,3.816,3.749,3.801,145664300,3.801,3.75045319148,3.72726072473,3.75025265336,0.0229919286289,0.0403499941866,-0.0347161311153
2015-12-04,2015-12-04,3.783,3.783,3.714,3.729,139429800,3.729,3.74738844983,3.72738956848,3.74698301438,0.0195934458904,0.0361986845273,-0.0332104772739
2015-12-07,2015-12-07,3.732,3.76,3.707,3.735,78512600,3.735,3.74561867127,3.7279533388,3.7451394737,0.0171861348977,0.0323961746014,-0.0304200794074
2015-12-08,2015-12-08,3.711,3.717,3.663,3.681,94908100,3.681,3.73638743249,3.72447511576,3.73527186236,0.0107967465927,0.0280762889997,-0.0345590848138
2015-12-09,2015-12-09,3.679,3.708,3.66,3.686,94259000,3.686,3.72918922783,3.721624957,3.72769157584,0.00606661883318,0.0236743549664,-0.0352154722664
2015-12-10,2015-12-10,3.696,3.734,3.656,3.679,210355600,3.679,3.72201933812,3.71846739872,3.72020056417,0.00173316544421,0.0192861170619,-0.0351059032355
2015-12-11,2015-12-11,3.66,3.688,3.635,3.661,150733900,3.661,3.7133022898,3.71421036205,3.71109278506,-0.00311757699416,0.0148053782507,-0.0358459104898
2015-12-14,2015-12-14,3.639,3.775,3.629,3.773,198995000,3.773,3.72183053413,3.71856533222,3.72061697198,0.00205163975822,0.0122546305522,-0.020405981588
2015-12-15,2015-12-15,3.77,3.772,3.726,3.737,140912600,3.737,3.72399760069,3.71993091606,3.72313743783,0.00320652177074,0.0104450087959,-0.0144769740504
2015-12-16,2015-12-16,3.751,3.768,3.731,3.738,97198400,3.738,3.72599794345,3.72126941472,3.72542398585,0.00415457113346,0.00918692126343,-0.0100647002599
2015-12-17,2015-12-17,3.759,3.819,3.759,3.808,157151300,3.808,3.73771252297,3.72769411586,3.73812798803,0.010433872175,0.00943631144574,0.00199512145845
2015-12-18,2015-12-18,3.808,3.856,3.797,3.822,148984500,3.822,3.74975359113,3.73467995169,3.75103137449,0.0163514227973,0.010819333716,0.0110641781625
2015-12-21,2015-12-21,3.81,3.949,3.8,3.922,159482600,3.922,3.77436022099,3.74855590586,3.77733423996,0.0287783340981,0.0144111337925,0.0287344006113
2015-12-22,2015-12-22,3.928,3.933,3.883,3.927,154148400,3.927,3.79616590372,3.76177433535,3.80035974151,0.0385854061604,0.019245988266,0.0386788357887
2015-12-23,2015-12-23,3.928,3.98,3.912,3.922,289263600,3.922,3.8141422032,3.77364319279,3.81907362743,0.0454304346441,0.0244828775417,0.0418951142049
2015-12-24,2015-12-24,3.916,3.922,3.843,3.875,198218800,3.875,3.82283617417,3.78115127411,3.82767768475,0.0465264106393,0.0288915841612,0.0352696529562
2015-12-28,2015-12-28,3.884,3.899,3.774,3.778,166164800,3.778,3.81643100643,3.78091784151,3.82003496402,0.0391171225047,0.0309366918299,0.0163608613496
2015-12-29,2015-12-29,3.771,3.814,3.766,3.813,152912900,3.813,3.81594086265,3.78329434374,3.81895266186,0.0356583181182,0.0318810170875,0.00755460206124
2015-12-30,2015-12-30,3.813,3.818,3.781,3.812,139157500,3.812,3.81537788228,3.7854207268,3.81788302157,0.0324622947762,0.0319972726253,0.000930044301814
2016-01-04,2016-01-04,3.776,3.776,3.528,3.535,310853900,3.535,3.77532389908,3.76687073519,3.77436255672,0.00749182152226,0.0270961824047,-0.0392087217648
2016-01-05,2016-01-05,3.467,3.578,3.429,3.527,426887700,3.527,3.73984905635,3.74910225929,3.73630677876,-0.0127954805348,0.0191178498168,-0.0638266607032
2016-01-06,2016-01-06,3.525,3.592,3.52,3.582,175246500,3.582,3.71729919115,3.73672413788,3.71256727433,-0.0241568635441,0.0104629071446,-0.0692395413774
2016-01-07,2016-01-07,3.539,3.539,3.403,3.484,75040500,3.484,3.68397073527,3.71800358451,3.67740307828,-0.040600506227,0.000250224470259,-0.0817014613946
2016-01-08,2016-01-08,3.485,3.485,3.29,3.408,408336000,3.408,3.64454634451,3.69504007565,3.63595645085,-0.0590836247942,-0.0116165453826,-0.0949341588231
2016-01-11,2016-01-11,3.345,3.387,3.23,3.233,461218700,3.233,3.58575400957,3.66081449793,3.57396315072,-0.0868513472055,-0.0266635057472,-0.120375682917
2016-01-12,2016-01-12,3.26,3.295,3.221,3.256,276690200,3.256,3.53864629391,3.63082792492,3.52504574292,-0.105782182007,-0.0424872409991,-0.126589882015
2016-01-13,2016-01-13,3.283,3.301,3.19,3.211,250040900,3.211,3.49183968049,3.59972925869,3.47673101324,-0.122998245453,-0.0585894418899,-0.128817607126
2016-01-14,2016-01-14,3.135,3.272,3.128,3.265,346908800,3.265,3.45943401185,3.57493427626,3.4441570112,-0.130777265063,-0.0730270065245,-0.115500517077
2016-01-15,2016-01-15,3.245,3.259,3.146,3.169,301465100,3.169,3.41794343872,3.54486482074,3.40182516332,-0.143039657421,-0.0870295367038,-0.112020241434
2016-01-18,2016-01-18,3.129,3.207,3.12,3.171,314291200,3.171,3.38266580462,3.51717091723,3.36631359973,-0.1508573175,-0.0997950928631,-0.102124449274
2016-01-19,2016-01-19,3.17,3.275,3.158,3.262,252318400,3.262,3.36542783253,3.49826923315,3.35026535362,-0.148003879527,-0.109436850196,-0.077134058663
2016-01-20,2016-01-20,3.2,3.216,3.145,3.169,256534300,3.169,3.3373667136,3.47387875869,3.32237837614,-0.151500382548,-0.117849556666,-0.067301651763
2016-01-21,2016-01-21,3.138,3.199,3.071,3.078,273331600,3.078,3.30031432594,3.44455422708,3.28478170289,-0.159772524193,-0.126234150172,-0.0670767480422
2016-01-22,2016-01-22,3.112,3.13,3.05,3.108,243967200,3.108,3.2728408508,3.41962414334,3.25758451783,-0.162039625514,-0.13339524524,-0.0572887605477
2016-01-25,2016-01-25,3.136,3.146,3.092,3.12,179548300,3.12,3.25100644354,3.39742964613,3.23641766893,-0.161011977199,-0.138918591632,-0.0441867711349
2016-01-26,2016-01-26,3.075,3.103,2.93,2.944,298712100,2.944,3.20714838018,3.36384210208,3.19143033525,-0.172411766831,-0.145617226672,-0.0535890803191
2016-01-27,2016-01-27,2.95,2.98,2.838,2.912,535087700,2.912,3.16498432587,3.33037216648,3.1484410529,-0.181931113575,-0.152880004052,-0.0581022190444
2016-01-28,2016-01-28,2.899,2.933,2.835,2.849,243514800,2.849,3.11984370789,3.29471482074,3.10237319861,-0.192341622125,-0.160772327667,-0.0631385889156
2016-01-29,2016-01-29,2.85,2.961,2.846,2.93,305349700,2.93,3.09272317819,3.2676988041,3.07585424498,-0.191844559124,-0.166986773958,-0.0497155703322
2016-02-01,2016-02-01,2.928,2.938,2.86,2.898,166983600,2.898,3.0649055813,3.2403136099,3.04849205344,-0.191821556461,-0.171953730459,-0.0397356520039
2016-02-02,2016-02-02,2.892,2.966,2.892,2.96,221015900,2.96,3.04991906969,3.21954957028,3.03487789137,-0.184671678905,-0.174497320148,-0.0203487175141
2016-02-03,2016-02-03,2.93,2.952,2.902,2.946,227830700,2.946,3.0350734883,3.19928657723,3.02120436962,-0.17808220761,-0.17521429764,-0.00573581993905
2016-02-04,2016-02-04,2.955,2.994,2.952,2.985,427360600,2.985,3.02792013283,3.18341345253,3.01563446661,-0.167778985927,-0.173727235298,0.0118964987423
2016-02-05,2016-02-05,2.983,2.983,2.948,2.95,476611100,2.95,3.01678868528,3.16612352187,3.00553685636,-0.160586665508,-0.17109912134,0.021024911663
2016-02-15,2016-02-15,2.899,2.954,2.885,2.939,221657200,2.939,3.00567601596,3.14929951648,2.99530041692,-0.153999099558,-0.167679116983,0.0273600348509
2016-02-16,2016-02-16,2.951,3.032,2.95,3.024,271988400,3.024,3.00829372796,3.14001804997,2.99971573739,-0.140302312574,-0.162203756102,0.0438028870551
2016-02-17,2016-02-17,3.023,3.058,3.015,3.055,235182000,3.055,3.01496605254,3.13372040354,3.00822100856,-0.125499394977,-0.154862883877,0.0587269777997
2016-02-18,2016-02-18,3.075,3.09,3.042,3.049,221163900,3.049,3.01982804503,3.12744480601,3.01449469955,-0.112950106456,-0.146480328392,0.0670604438736
2016-02-19,2016-02-19,3.047,3.066,3.025,3.041,211377500,3.041,3.02285261003,3.12104147563,3.01857243808,-0.102469037546,-0.137678070223,0.070418065355
2016-02-22,2016-02-22,3.088,3.116,3.062,3.104,732868200,3.104,3.03444509431,3.11977914202,3.03171513992,-0.0880640021003,-0.127755256598,0.0793825089963
2016-02-23,2016-02-23,3.102,3.106,3.052,3.08,230079700,3.08,3.04095293798,3.1168325344,3.03914357993,-0.0776889544713,-0.117741996173,0.0801060834036
2016-02-24,2016-02-24,3.072,3.107,3.043,3.103,280592200,3.103,3.04981680398,3.11580790077,3.04896764456,-0.0668402562171,-0.107561648182,0.0814427839296
2016-02-25,2016-02-25,3.098,3.098,2.885,2.905,375768200,2.905,3.02912868913,3.10019248025,3.02681877616,-0.0733737040899,-0.100724059363,0.0547007105472
2016-02-26,2016-02-26,2.926,2.955,2.899,2.933,461895700,2.933,3.01539601925,3.08780783706,3.01238511829,-0.075422718767,-0.0956637912441,0.0404821449544
2016-02-29,2016-02-29,2.921,2.929,2.811,2.864,394030300,2.864,2.9937680165,3.07122946013,2.98955663855,-0.0816728215778,-0.0928655973109,0.0223855514662
2016-03-01,2016-03-01,2.871,2.94,2.81,2.918,234562500,2.918,2.98294401415,3.05987911794,2.97854792493,-0.0813311930139,-0.0905587164515,0.0184550468752
2016-03-02,2016-03-02,2.921,3.056,2.921,3.049,451413400,3.049,2.99238058355,3.05907325658,2.98938670571,-0.0696865508693,-0.086384283335,0.0333954649315
2016-03-03,2016-03-03,3.048,3.086,3.033,3.042,238875800,3.042,2.99946907162,3.05780856978,2.99748105868,-0.0603275111012,-0.0811729288883,0.0416908355742
2016-03-04,2016-03-04,3.04,3.095,3.021,3.079,460608300,3.079,3.01083063281,3.05937830665,3.01002243427,-0.0493558723814,-0.0748095175869,0.050907290411
2016-03-07,2016-03-07,3.092,3.178,3.07,3.103,342306500,3.103,3.02399768527,3.06260954566,3.02432667515,-0.0382828705146,-0.0675041881724,0.0584426353157
2016-03-08,2016-03-08,3.086,3.096,2.999,3.092,289042200,3.092,3.03371230166,3.0647866179,3.03473795589,-0.0300486620011,-0.0600130829382,0.059928841874
2016-03-09,2016-03-09,3.043,3.053,3.006,3.046,264769400,3.046,3.03546768714,3.06339501566,3.03647057806,-0.0269244375932,-0.0533953538692,0.0529418325519
2016-03-10,2016-03-10,3.042,3.07,3.001,3.005,137343300,3.005,3.0311151604,3.05906945632,3.03162895067,-0.0274405056468,-0.0482043842247,0.0415277571558
2016-03-11,2016-03-11,2.98,3.018,2.959,2.999,158993200,2.999,3.02652728035,3.05461986446,3.02660911211,-0.0280107523538,-0.0441656578505,0.0323098109934
2016-03-14,2016-03-14,3.027,3.105,3.027,3.064,578053400,3.064,3.03188052601,3.05531468968,3.0323615564,-0.0229531332788,-0.0399231529362,0.0339400393147
2016-03-15,2016-03-15,3.058,3.065,3.018,3.054,293101000,3.054,3.03504045087,3.05521730521,3.03569054772,-0.0195267574879,-0.0358438738465,0.0326342327172
2016-03-16,2016-03-16,3.041,3.099,3.041,3.074,287722000,3.074,3.04060610074,3.05660861655,3.04158430961,-0.0150243069448,-0.0316799604662,0.0333113070427
2016-03-17,2016-03-17,3.078,3.15,3.063,3.124,409964900,3.124,3.05251951492,3.06160057295,3.05426364659,-0.00733692635321,-0.0268113536436,0.0389488545808
2016-03-18,2016-03-18,3.125,3.198,3.124,3.168,968766500,3.168,3.06901672708,3.069482015,3.07176154712,0.00227953211524,-0.0209931764918,0.0465454172141
2016-03-21,2016-03-21,3.191,3.262,3.191,3.238,388550100,3.238,3.09315719464,3.08196483313,3.09733669371,0.015371860588,-0.0137201690759,0.0581840593277
2016-03-22,2016-03-22,3.218,3.24,3.211,3.216,168862700,3.216,3.11070616683,3.09189336726,3.11559258699,0.0236992197272,-0.00623629131525,0.0598710220849
2016-03-23,2016-03-23,3.213,3.238,3.19,3.222,252646700,3.222,3.12660528586,3.10153089854,3.13196295822,0.0304320596823,0.00109737888426,0.0586693615961
2016-03-24,2016-03-24,3.201,3.212,3.17,3.172,353711500,3.172,3.13309024502,3.10675083345,3.13812250311,0.0313716696621,0.00715223703983,0.0484388652446
2016-03-25,2016-03-25,3.174,3.2,3.165,3.185,255432700,3.185,3.1405059243,3.11254706952,3.14533442571,0.0327873561922,0.0122792608703,0.0410161906438
2016-03-28,2016-03-28,3.197,3.227,3.15,3.155,253708400,3.155,3.14257650654,3.11569173179,3.14682143714,0.0311297053463,0.0160493497655,0.0301607111616
2016-03-29,2016-03-29,3.158,3.168,3.111,3.129,510634400,3.129,3.14063700561,3.11667752966,3.14407967758,0.0274021479215,0.0183199093967,0.0181644770496
2016-03-30,2016-03-30,3.149,3.218,3.149,3.215,321346000,3.215,3.15126029052,3.12396067711,3.15499049641,0.0310298192992,0.0208618913772,0.0203358558439
2016-03-31,2016-03-31,3.225,3.232,3.194,3.209,267776900,3.209,3.15950882045,3.13025988742,3.16329965081,0.0330397633892,0.0232974657796,0.0194845952191
2016-04-01,2016-04-01,3.2,3.22,3.153,3.219,255475700,3.219,3.16800756038,3.13683323026,3.1718689353,0.0350357050427,0.0256451136322,0.018781182821
2016-04-05,2016-04-05,3.204,3.269,3.196,3.25,341087900,3.25,3.17972076604,3.14521595532,3.1838890991,0.0386731437828,0.0282507196623,0.0208448482409
2016-04-06,2016-04-06,3.237,3.256,3.232,3.244,282223500,3.244,3.18890351375,3.15253329307,3.19313693001,0.0406036369357,0.030721303117,0.0197646676374
2016-04-07,2016-04-07,3.253,3.264,3.196,3.204,235979500,3.204,3.19106015464,3.15634564227,3.19480817155,0.0384625292754,0.0322695483487,0.0123859618534
2016-04-08,2016-04-08,3.18,3.204,3.15,3.177,287695300,3.177,3.18905156112,3.15787559489,3.19206845285,0.0341928579524,0.0326542102694,0.0030772953659
2016-04-11,2016-04-11,3.203,3.248,3.203,3.212,293934400,3.212,3.19232990953,3.16188481057,3.19513484472,0.0332500341457,0.0327733750447,0.000953318202014
2016-04-12,2016-04-12,3.213,3.219,3.188,3.208,423792600,3.208,3.19456849389,3.16530075091,3.19711409938,0.0318133484656,0.0325813697289,-0.00153604252652
2016-04-13,2016-04-13,3.226,3.29,3.226,3.249,664723700,3.249,3.20234442333,3.17150069593,3.20509654563,0.0335958496976,0.0327842657226,0.0016231679499
2016-04-14,2016-04-14,3.262,3.275,3.241,3.261,196376300,3.261,3.21072379143,3.17813027464,3.21369707707,0.0355668024258,0.0333407730632,0.00445205872511
2016-04-15,2016-04-15,3.268,3.274,3.25,3.264,190846400,3.264,3.21833467837,3.1844909956,3.22143598829,0.0369449926855,0.0340616169877,0.00576675139563
2016-04-19,2016-04-19,3.229,3.245,3.209,3.222,276854200,3.222,3.21885829574,3.1872694406,3.22152275932,0.0342533187199,0.0340999573341,0.000306722771582
2016-04-20,2016-04-20,3.235,3.238,3.09,3.166,467962400,3.166,3.21130711064,3.18569392636,3.21298079635,0.0272868699858,0.0327373398645,-0.0109009397573
2016-04-21,2016-04-21,3.147,3.195,3.136,3.151,254742900,3.151,3.20269180912,3.18312400571,3.20344528922,0.0203212835074,0.0302541285931,-0.0198656901713
2016-04-22,2016-04-22,3.141,3.169,3.13,3.165,153401500,3.165,3.19730726496,3.18178148668,3.19753062934,0.0157491426568,0.0273531314058,-0.0232079774981
2016-04-25,2016-04-25,3.163,3.163,3.111,3.155,156096900,3.155,3.19126336996,3.17979767273,3.19098745559,0.0111897828604,0.0241204616967,-0.0258613576727
2016-04-26,2016-04-26,3.153,3.178,3.138,3.173,130165900,3.173,3.18865431711,3.17929414139,3.18822015473,0.0089260133415,0.0210815720257,-0.0243111173684
2016-04-27,2016-04-27,3.173,3.179,3.15,3.158,144753300,3.158,3.18427512895,3.1777167975,3.18357090016,0.00585410265553,0.0180360781516,-0.0243639509922
2016-04-28,2016-04-28,3.159,3.166,3.128,3.156,144567900,3.156,3.18023582482,3.17610814576,3.17932922321,0.00322107745196,0.0150730780117,-0.0237040011195
2016-04-29,2016-04-29,3.148,3.166,3.142,3.152,113589100,3.152,3.17620213556,3.17432235711,3.17512472733,0.000802370227243,0.0122189364548,-0.0228331324551
2016-05-03,2016-05-03,3.157,3.218,3.138,3.213,234118100,3.213,3.18145897333,3.17718736781,3.18095169236,0.00376432455059,0.010528014074,-0.0135273790468
2016-05-04,2016-05-04,3.198,3.218,3.186,3.201,184462200,3.201,3.18425054857,3.17895126656,3.18403604738,0.00508478082442,0.00943936742406,-0.00870917319928
2016-05-05,2016-05-05,3.197,3.209,3.187,3.201,132028300,3.201,3.18664332735,3.18058450613,3.18664588624,0.00606138011714,0.00876376996268,-0.00540477969108
2016-05-06,2016-05-06,3.203,3.207,3.126,3.128,215542800,3.128,3.17826570916,3.1766893574,3.17762344221,0.000934084808468,0.00719783293183,-0.0125274962467
2016-05-09,2016-05-09,3.12,3.12,3.054,3.064,327203400,3.064,3.16194203642,3.16834199734,3.16014291264,-0.00819908470266,0.00411844940493,-0.0246350682152
2016-05-10,2016-05-10,3.06,3.076,3.053,3.061,113547900,3.061,3.1475217455,3.16039073806,3.14489015685,-0.0155005812086,0.000194643282229,-0.0313904489816
2016-05-11,2016-05-11,3.07,3.095,3.059,3.073,99451500,3.073,3.13687578186,3.15391734988,3.13383013272,-0.0200872171673,-0.00386172880767,-0.0324509767192
2016-05-12,2016-05-12,3.06,3.089,3.033,3.084,119507800,3.084,3.12932209874,3.14873828681,3.12616395845,-0.0225743283529,-0.00760424871672,-0.0299401592724
2016-05-13,2016-05-13,3.073,3.101,3.059,3.073,90896400,3.073,3.12127608463,3.14312804321,3.11798488792,-0.0251431552925,-0.0111120300319,-0.0280622505213
2016-05-16,2016-05-16,3.067,3.088,3.041,3.085,110290600,3.085,3.11609378683,3.13882226215,3.11291028978,-0.025911972367,-0.0140720184989,-0.0236799077362
2016-05-17,2016-05-17,3.088,3.098,3.062,3.08,96106400,3.08,3.11093753157,3.13446505746,3.10784716827,-0.0266178891853,-0.0165811926362,-0.0200733930982
2016-05-18,2016-05-18,3.072,3.073,3.03,3.06,119244100,3.06,3.10366074134,3.12894912718,3.10048606546,-0.0284630617174,-0.0189575664524,-0.01901099053
2016-05-19,2016-05-19,3.058,3.085,3.05,3.054,111260400,3.054,3.09656634972,3.12339733989,3.09333436308,-0.0300629768073,-0.0211786485234,-0.0177686565678
2016-05-20,2016-05-20,3.048,3.076,3.038,3.074,139069200,3.074,3.09334258548,3.11973827762,3.09035984569,-0.0293784319355,-0.0228186052058,-0.0131196534593
2016-05-23,2016-05-23,3.078,3.1,3.068,3.079,107809100,3.079,3.09129364469,3.11672062739,3.08861217712,-0.0281084502663,-0.0238765742179,-0.0084637520967
2016-05-24,2016-05-24,3.079,3.079,3.048,3.06,96780900,3.06,3.08682312402,3.11251909938,3.08421030372,-0.0283087956604,-0.0247630185064,-0.00709155430797
2016-05-25,2016-05-25,3.066,3.086,3.053,3.058,83786300,3.058,3.08270553488,3.10848064752,3.0801779493,-0.0283026982242,-0.02547095445,-0.00566348754852
2016-05-26,2016-05-26,3.058,3.072,3.026,3.058,142476400,3.058,3.07917617275,3.10474134026,3.0767659571,-0.0279753831586,-0.0259718401917,-0.00400708593383
2016-05-27,2016-05-27,3.056,3.068,3.046,3.06,85685100,3.06,3.0764367195,3.10142716687,3.07418657908,-0.0272405877874,-0.0262255897108,-0.00202999615307
2016-05-30,2016-05-30,3.056,3.072,3.027,3.062,79238200,3.062,3.074374331,3.09850663596,3.07231172076,-0.0261949152008,-0.0262194548088,4.90792160338e-05
2016-05-31,2016-05-31,3.063,3.172,3.062,3.169,494593300,3.169,3.08789228372,3.10372836668,3.08718684065,-0.0165415260336,-0.0242838690538,0.0154846860405
2016-06-01,2016-06-01,3.17,3.175,3.152,3.156,171347800,3.156,3.09762195747,3.10760033955,3.09777348055,-0.00982685900304,-0.0213924670436,0.0231312160812
2016-06-02,2016-06-02,3.158,3.161,3.144,3.159,92385700,3.159,3.10639024926,3.11140772183,3.10719294508,-0.00421477675606,-0.0179569289861,0.0274843044601
2016-06-06,2016-06-06,3.191,3.204,3.172,3.177,81647900,3.177,3.11647735651,3.11626640914,3.11793249199,0.00166608284952,-0.014032326619,0.031396818937
2016-06-07,2016-06-07,3.181,3.185,3.171,3.177,57621000,3.177,3.12512344844,3.12076519368,3.12701980091,0.00625460723699,-0.00997493984779,0.0324590941696
2016-06-08,2016-06-08,3.174,3.182,3.152,3.173,72625000,3.173,3.1319629558,3.12463443861,3.1340936777,0.00945923908348,-0.00608810406154,0.03109468629
2016-06-13,2016-06-13,3.15,3.15,3.066,3.069,329962400,3.069,3.12296824783,3.12051336906,3.12407926574,0.00356589667996,-0.00415730391324,0.0154464011864
2016-06-14,2016-06-14,3.065,3.083,3.062,3.082,175090200,3.082,3.117115641,3.1176605269,3.11760553255,-5.49943437793e-05,-0.00333684199935,0.00656369531114
2016-06-15,2016-06-15,3.059,3.152,3.05,3.123,194595100,3.123,3.11795626371,3.11805604342,3.11843545062,0.00037940719705,-0.00259359216007,0.00594599871424
2016-06-16,2016-06-16,3.122,3.122,3.095,3.104,87724400,3.104,3.11596251175,3.11701485502,3.11621461206,-0.000800242953637,-0.00223492231878,0.00286935873029
2016-06-17,2016-06-17,3.106,3.14,3.105,3.117,201308000,3.117,3.11611072436,3.11701375465,3.11633544098,-0.000678313668693,-0.00192360058876,0.00249057384014
2016-06-20,2016-06-20,3.12,3.13,3.097,3.118,82108400,3.118,3.11638062088,3.11708680986,3.11659152698,-0.000495282876854,-0.00163793704638,0.00228530833906
2016-06-21,2016-06-21,3.13,3.168,3.1,3.111,144544500,3.111,3.11561196075,3.11663593505,3.11573129206,-0.000904642991102,-0.00149127823533,0.00117327048845
2016-06-22,2016-06-22,3.109,3.134,3.097,3.13,117291300,3.13,3.11766739493,3.11762586579,3.1179264779,0.000300612105628,-0.00113290016714,0.00286702454553
2016-06-23,2016-06-23,3.13,3.132,3.101,3.12,99387200,3.12,3.11800062423,3.11780172759,3.1182454813,0.000443753712311,-0.000817569391246,0.00252264620711
2016-06-24,2016-06-24,3.12,3.137,3.04,3.087,154395500,3.087,3.11357196362,3.11552011813,3.11343848417,-0.00208163395331,-0.00107038230366,-0.0020225032993
2016-06-27,2016-06-27,3.08,3.128,3.077,3.126,135557700,3.126,3.11534739739,3.11629640568,3.11537102507,-0.000925380605195,-0.00104138196397,0.00023200271754
2016-06-28,2016-06-28,3.116,3.145,3.101,3.142,181488900,3.142,3.11915491205,3.11820037563,3.11946779044,0.00126741481404,-0.000579622608364,0.00369407484481
2016-06-29,2016-06-29,3.145,3.166,3.144,3.156,119542000,3.156,3.12441849604,3.12100034781,3.12508813038,0.00408778256394,0.000353858426097,0.00746784827569
2016-06-30,2016-06-30,3.157,3.169,3.152,3.161,92851200,3.161,3.12964442518,3.12396328502,3.1306130334,0.00664974837784,0.00161303641645,0.0100734239228
2016-07-01,2016-07-01,3.161,3.177,3.155,3.158,93766600,3.158,3.13369522158,3.12648452317,3.13482641287,0.00834188970386,0.00295880707393,0.0107661652599
2016-07-04,2016-07-04,3.153,3.225,3.143,3.211,137810700,3.211,3.14473876136,3.13274492887,3.14654542628,0.0138004974059,0.00512714514032,0.0173467045311
2016-07-05,2016-07-05,3.211,3.23,3.207,3.219,160714300,3.219,3.15534750973,3.13913419341,3.15769228377,0.0185580903633,0.00781333418491,0.0214895123568
2016-07-06,2016-07-06,3.216,3.238,3.206,3.235,278068700,3.235,3.16672643691,3.14623536428,3.16958577858,0.0233504142983,0.0109207502076,0.0248593281814
2016-07-07,2016-07-07,3.231,3.25,3.217,3.239,185677100,3.239,3.17705123164,3.15310681879,3.18026488957,0.027158070779,0.0141682143219,0.0259797129142
2016-07-08,2016-07-08,3.234,3.236,3.222,3.227,168019400,3.227,3.18418676998,3.15858038777,3.18745490656,0.0288745187831,0.0171094752141,0.023530087138
2016-07-11,2016-07-11,3.232,3.275,3.231,3.235,107960000,3.235,3.19144580284,3.1642410998,3.19476953632,0.0305284365202,0.0197932674753,0.0214703380898
2016-07-12,2016-07-12,3.233,3.319,3.233,3.317,172362800,3.317,3.20938211672,3.1755565739,3.21357422304,0.0380176491392,0.0234381438081,0.0291590106621
2016-07-13,2016-07-13,3.32,3.349,3.315,3.324,249841600,3.324,3.22575610004,3.18655238325,3.23056280411,0.0440104208583,0.0275525992181,0.0329156432803
2016-07-14,2016-07-14,3.324,3.325,3.306,3.319,130428000,3.319,3.23907665718,3.19636331783,3.24416852655,0.0478052087199,0.0316031211185,0.0324041752028
2016-07-15,2016-07-15,3.326,3.33,3.313,3.323,91696900,3.323,3.25106570616,3.20574381282,3.25629644554,0.0505526327282,0.0353930234404,0.0303192185755
2016-07-18,2016-07-18,3.318,3.325,3.299,3.311,138478100,3.311,3.25962774813,3.21354056743,3.264712377,0.0511718095703,0.0385487806664,0.0252460578079
